contract_no,cust_id,w,c,a_cut,shock_cut,p_label,y_pay
CTR-00001-1,CUST-00001,0.8089651272836572,0.6599170461477466,1.0,0.12460749012033435,0.8466625473123098,True
CTR-00001-2,CUST-00001,-0.8803275185816465,-0.2550697166225274,6.632473795763236,1.1251206432226868,0.1880579355862344,False
CTR-00002-1,CUST-00002,-0.3106211920956406,0.39606358430471134,0.09203666730016802,-0.05187558998063557,0.41799652834567996,True
CTR-00003-1,CUST-00003,0.9613711734770638,-1.4200641794700326,1.842192838953619,-0.46009274263374944,0.6058067287845003,False
CTR-00004-1,CUST-00004,0.8649685969044183,1.5610309478027653,0.0,1.0777109366453308,0.9534241926968455,True
CTR-00005-1,CUST-00005,-1.4799152216195801,-0.3642150429932851,3.0,-0.10583058093701367,0.06171158267430916,False
CTR-00006-1,CUST-00006,-0.6440218883707679,-0.5317177989649138,6.937148636704446,-1.2697766952154113,0.14384894322618946,False
CTR-00007-1,CUST-00007,0.6414421723091117,-0.09058874518635518,0.0,-0.6045629823520683,0.7560807294913524,False
CTR-00008-1,CUST-00008,1.7477626711980934,0.7947649184897837,0.0,0.4792135311111813,0.9749622781075152,True
CTR-00008-2,CUST-00008,1.6371493464093758,0.21959566269266267,0.0,-0.09972119339060184,0.8435271137718279,True
CTR-00009-1,CUST-00009,0.5455123969137745,-0.24409489618202834,0.0,-0.03446602608034991,0.6286567365282738,True
CTR-00009-2,CUST-00009,-0.6212300698613209,-0.28862814425349737,8.0,-0.33583678764927777,0.15770542636484666,True
CTR-00010-1,CUST-00010,0.5386591455185136,-0.8362658434992961,3.2859312647431933,0.2729970859397343,0.26241289820128116,False
CTR-00010-2,CUST-00010,0.5024929919872315,0.4033722679784202,1.0,0.04303223639623721,0.6655823910044051,False
CTR-00010-3,CUST-00010,1.5190902392047223,-0.6372670049594134,1.573382528640192,-1.6885662814064144,0.6163757363631853,False
CTR-00011-1,CUST-00011,0.760127295218772,1.0557571683200693,1.650741160135324,-0.8434874522558427,0.9041170864750123,True
CTR-00012-1,CUST-00012,1.1104913968447025,0.64999554469012,0.0,-0.3193238075607414,0.9604177046722081,True
CTR-00013-1,CUST-00013,0.33183785563565993,-0.3829453952224672,0.0,0.057525661294912975,0.7082907536782406,True
CTR-00013-2,CUST-00013,1.1257549814192223,-0.6220046558160525,2.7809498516612674,0.9245922909605743,0.876435914469459,True
CTR-00014-1,CUST-00014,-0.4007876171712109,0.3009713108463313,6.835469525070684,-0.7786423446676815,0.16637800088794463,False
CTR-00014-2,CUST-00014,-1.320720277946465,0.09661730662099077,3.0,-1.0334780579412404,0.12613112807268165,False
CTR-00015-1,CUST-00015,-0.11865768470961488,-0.6115757460595046,0.5581460904745912,-0.13564119777330497,0.2444883984748464,False
CTR-00016-1,CUST-00016,-1.293687566789611,0.24578230263838768,1.5230621906007094,-0.6234469240133871,0.2523916770217037,False
CTR-00016-2,CUST-00016,-0.8947227000264255,-0.8248848320639264,6.0,-0.7229788881759954,0.0897794611992091,False
CTR-00016-3,CUST-00016,-0.45223686606258445,0.04045066053998503,0.0,0.9239121248869795,0.5987876783242222,False
CTR-00017-1,CUST-00017,0.49532278865027013,1.0268953474074451,0.0,0.09804081013745167,0.8500441211438782,True
CTR-00018-1,CUST-00018,1.5049140816028401,-0.7647051908375433,0.0,0.1805251488573043,0.8792024501572742,True
CTR-00019-1,CUST-00019,-0.07472556108913586,0.16651272178585666,0.0,0.29036732833166523,0.258699580781741,False
CTR-00020-1,CUST-00020,0.7574432387907495,-0.44217710286782363,0.0,-0.020749883342986344,0.783367991040552,True
CTR-00020-2,CUST-00020,1.2708307393109144,-0.11880342867740756,0.6887388531397419,0.44794347844020493,0.896271775007701,True
CTR-00021-1,CUST-00021,0.6288053198387499,0.2339082385715846,0.0,0.5500302822885348,0.7134988836792503,False
CTR-00022-1,CUST-00022,1.2866632402724967,1.2807011483162283,0.0,0.24834907334430534,0.8785572065028704,True
CTR-00022-2,CUST-00022,0.4234702785692465,-0.38323166091375915,0.0,-0.09676203716740493,0.6300607861813965,True
CTR-00023-1,CUST-00023,0.4214694608527935,0.19835696827005223,0.4883692101251431,-0.5723427752168503,0.7794780732725504,True
CTR-00023-2,CUST-00023,0.05519482405893833,0.44434439298722256,0.0,0.16844633723630392,0.710577264300972,True
CTR-00024-1,CUST-00024,0.08240126674196102,1.1688129009663886,1.0,0.8886512633871237,0.817298549116054,True
CTR-00025-1,CUST-00025,-1.3941808405416571,-1.4268725059017655,5.277845983797493,-1.015418605884749,0.00834233007086209,False
CTR-00026-1,CUST-00026,0.3124510543353767,-0.9827634313941913,1.0,-1.223489967741949,0.3909372845517449,False
CTR-00026-2,CUST-00026,-0.031108569199894576,-0.4940298311670086,0.0,0.07661988568460953,0.2707011825844288,False
CTR-00027-1,CUST-00027,-0.6645143226085961,-1.7555142886063395,8.0,-0.2613018031355951,0.06414953309357825,False
CTR-00027-2,CUST-00027,-0.7685524891140177,-0.9877249187832704,8.471284735986401,0.529988702163106,0.0,False
CTR-00028-1,CUST-00028,0.2602267570616341,-0.2700558421298346,0.0,0.935559263642812,0.8716358181200182,True
CTR-00028-2,CUST-00028,1.5037935590083527,0.2849651031073048,0.0,0.39928460798602444,0.9378502031372975,True
CTR-00029-1,CUST-00029,-0.47823870758628834,-0.900693504201679,6.4864088799732595,-0.3896969708587989,0.09540491502640386,False
CTR-00030-1,CUST-00030,1.4055925763266395,0.4217380677514375,0.2551579757043466,-0.28030948833917063,0.9180374524365359,True
CTR-00031-1,CUST-00031,0.6363192317615738,0.7492165449025777,0.0,0.5970001875926838,0.8311363937312044,True
CTR-00031-2,CUST-00031,0.6619248808030437,0.5696384309166727,7.0,0.14767096232561316,0.6989129784795369,True
CTR-00032-1,CUST-00032,1.0229303196690935,-0.05020194819577248,0.41876182492967173,-0.14770363446606077,0.8574036513846517,True
CTR-00033-1,CUST-00033,-0.7900375099170036,0.33562616496046094,0.0,1.8256624904719434,0.5775083533126718,False
CTR-00034-1,CUST-00034,-0.8595962242854568,-1.8287164114420777,4.577270633650919,0.40386877521523623,0.13671252635436965,False
CTR-00035-1,CUST-00035,-0.7331002886213456,-0.40334936768824614,4.821106457004628,-0.2614381101518366,0.2551504427335916,False
CTR-00036-1,CUST-00036,0.6750658943386789,-0.4948754991909393,1.5388870318275139,-0.10412085813487751,0.4169564611497135,False
CTR-00037-1,CUST-00037,-1.3539015282962672,0.36244952172727485,4.671829278743731,-0.2299634583573683,0.1627320364434164,True
CTR-00037-2,CUST-00037,0.11586029389217811,0.746631627736743,0.9796976201001315,-1.1572333893756834,0.7913346132079423,True
CTR-00038-1,CUST-00038,1.449717039041079,1.0311625293641837,0.0,0.5662094042529319,0.944965067212743,True
CTR-00039-1,CUST-00039,0.1258510695351862,-1.5339542442129677,3.8404490819558608,0.5793231198565287,0.44913259099763153,False
CTR-00039-2,CUST-00039,-0.031907570633418286,-0.552391123492034,2.365407764715813,0.1330410118705816,0.3978122180988598,False
CTR-00039-3,CUST-00039,-0.4278792867930184,-0.7086086600634991,0.0,-0.3823811239667084,0.15325558608850048,True
CTR-00040-1,CUST-00040,-1.1967534360655716,-1.390166903690453,8.0,-0.14283309687209228,0.02536863315028077,False
CTR-00041-1,CUST-00041,-1.584995462010137,1.7868011468731917,0.0,0.48606161408870563,0.6945541230801981,True
CTR-00042-1,CUST-00042,-2.136114463314804,0.25820342286426634,0.0,0.6586782301966346,0.049460910684998305,False
CTR-00043-1,CUST-00043,0.3688704919139787,0.3769360525437797,0.23750117641369917,0.6944584701838332,0.8581978189764261,True
CTR-00044-1,CUST-00044,0.4769474142876895,-0.8664211374944902,1.0,-1.3493002965056233,0.3910386818004202,False
CTR-00044-2,CUST-00044,0.3761855105927363,-0.6972014207100623,0.0,-0.0891572277606817,0.4161327853178285,True
CTR-00044-3,CUST-00044,0.22601050796363242,0.38013665289921783,0.0,-0.5768921535316499,0.780039148331853,True
CTR-00045-1,CUST-00045,-1.4496906103679243,-0.5433002680717796,4.5149228646199715,-0.7410136324781482,0.061715357977090386,False
CTR-00046-1,CUST-00046,2.860076196062683,0.9496680882285287,0.0,1.1630371587620272,0.993282265926161,True
CTR-00047-1,CUST-00047,0.39265370226647295,0.8109996394552378,0.25850149313050885,0.6903852358214123,0.9381165024758358,True
CTR-00048-1,CUST-00048,0.700344738710065,1.404993975938188,2.0,-1.7122254428616903,0.8348501540222891,True
CTR-00049-1,CUST-00049,0.6365565163965667,1.3391115940862441,0.0,-2.252679071110018,0.8987272346570788,True
CTR-00050-1,CUST-00050,-0.47464814617196593,1.456615277269936,1.2664618575842466,0.1184154508876013,0.7623278411169323,False
CTR-00051-1,CUST-00051,-0.6196613786065823,-1.3277024043168568,4.922183488428507,0.9710393250161398,0.08587430384636885,False
CTR-00052-1,CUST-00052,0.8034069131579857,0.9938332308507583,0.0,1.2141881461665647,0.9332078428850453,True
CTR-00052-2,CUST-00052,0.47901473924593274,0.23140045897564593,0.0,0.4764861531958846,0.7767340724774228,True
CTR-00052-3,CUST-00052,0.9504335930146419,1.135075320228594,0.1465813120486762,0.332290978043318,0.8125020625921031,True
CTR-00053-1,CUST-00053,2.1305004841498163,2.0009453500161887,0.0,1.684121587900422,0.0,True
CTR-00053-2,CUST-00053,1.323317498057564,-0.6649017232894682,0.0,-0.19431177618201062,0.8039540536580541,True
CTR-00054-1,CUST-00054,-0.7864111559729525,-0.20915985263744094,1.6111696217375848,0.31137254315420704,0.2989280867245886,True
CTR-00055-1,CUST-00055,0.8692744008502631,0.5781466650933491,0.0,-0.15606497691345791,0.8378842941528725,False
CTR-00055-2,CUST-00055,1.4534494581949642,1.7290499369560308,0.0,1.2464916033580966,0.9877700880426289,True
CTR-00056-1,CUST-00056,0.5766416321650318,-0.27741572726723596,0.0,1.8258526721963264,0.7669774060239825,False
CTR-00056-2,CUST-00056,1.3268632369752362,-1.0889636048496985,1.4017041250174653,-1.2437264082224453,0.7803498546863781,True
CTR-00057-1,CUST-00057,1.7629134107489113,-1.4051049104124866,1.5771818710002803,0.5019928846119314,0.8925994115743807,True
CTR-00057-2,CUST-00057,-1.1721406374561472,-1.1303981717023797,5.539409649413418,0.49279097660362603,0.11279702580111052,False
CTR-00058-1,CUST-00058,-1.421787097881646,0.2508111526563761,0.0,-0.9536660429974279,0.11491143220426105,False
CTR-00059-1,CUST-00059,0.15557193224606236,0.8616736701605933,0.0,0.6968180499726695,0.7575153206688644,True
CTR-00059-2,CUST-00059,1.1201354877475211,-0.5467604676367523,0.0,-1.0521007886387967,0.7902298377145595,True
CTR-00060-1,CUST-00060,-1.220418622198324,0.3319977897992069,8.0,-1.3326570684795869,0.03317020809848845,False
CTR-00061-1,CUST-00061,0.4465814957768449,-0.02384506393727004,0.5987370563202455,1.5595726346000922,0.7038510386203323,False
CTR-00062-1,CUST-00062,-1.6950597545396535,-1.4521604970162978,6.6399727042118615,-0.9194183741953238,0.033206726507119665,False
CTR-00063-1,CUST-00063,0.00031871049735288093,-1.6125720174445295,8.0,0.5889215331507551,0.08084532844923792,False
CTR-00063-2,CUST-00063,-0.556147740004041,-0.5894813612075507,1.407178685740546,1.1495761044079127,0.09608562463794962,False
CTR-00063-3,CUST-00063,-0.7321281291094042,-0.7801198041507336,3.0380297899810205,-0.11564958077616266,0.11465986339053172,False
CTR-00064-1,CUST-00064,-0.06822117620126483,-1.376223474068418,6.5100679255817155,-0.791533086352022,0.16639757187301213,True
CTR-00065-1,CUST-00065,0.05526835644575784,-0.3209003791123945,1.0,-0.03946746969234266,0.5584479570555481,False
CTR-00066-1,CUST-00066,0.47401253120039266,-0.36284071559737796,0.0,-0.8087226914940457,0.4129053387234833,True
CTR-00067-1,CUST-00067,1.536577658868731,0.9399499932292942,0.0,-0.47367716021323225,0.9390849851582569,True
CTR-00068-1,CUST-00068,1.5876501261091875,-0.28262883638428915,1.0,-0.7244391995476205,0.8234138715309717,True
CTR-00068-2,CUST-00068,1.922236031589136,0.6468731136371375,2.0,-1.1906905208878134,0.9233141941696358,True
CTR-00069-1,CUST-00069,0.8986262718816109,0.7628230797148712,0.0,-0.4436479122699346,0.8894367608612562,True
CTR-00070-1,CUST-00070,1.0604249776399626,1.2076314297626305,0.0,-0.1372744839799118,0.966247473694685,True
CTR-00071-1,CUST-00071,1.610570478399397,1.5900808770103148,1.0,-0.3539368283174318,0.9287972822297582,True
CTR-00071-2,CUST-00071,1.03710570642217,2.3607623910817153,0.0,0.1693512356480535,0.9783661162717676,True
CTR-00072-1,CUST-00072,-1.1041427960993169,0.03818205558273591,2.0,-0.3867798024192476,0.07150614341892512,False
CTR-00073-1,CUST-00073,1.0974782852660505,0.9727495014960597,0.0,0.8519628680260252,0.965546876420105,True
CTR-00074-1,CUST-00074,-1.106886338534447,-0.043010006035468805,0.0,1.4618678911998302,0.40278308269872376,True
CTR-00074-2,CUST-00074,1.0677440630170234,0.5781849674173006,0.0,0.29730032114264704,0.8201187027032482,False
CTR-00075-1,CUST-00075,0.5643939782901738,-0.16358562003965338,0.6212728575067459,-0.620150625012862,0.7343465655738786,True
CTR-00076-1,CUST-00076,-2.0043967305467576,-1.3968984603518844,1.2974200058880239,1.415983283952233,0.04275442092474157,False
CTR-00076-2,CUST-00076,-0.9324146117142512,-1.2512998587683135,4.441540891193496,0.62362484161637,0.3688399243450269,False
CTR-00077-1,CUST-00077,-2.1845376624499613,-0.6894071483649657,9.0,1.0552707203327631,0.0,False
CTR-00077-2,CUST-00077,-0.544240017732947,-1.1204239976254688,8.0,0.7086755229523913,0.10258650224659344,False
CTR-00078-1,CUST-00078,-0.9062161704270835,-0.38597795088772546,3.2429638636824727,0.15525421997594957,0.2891414210523522,False
CTR-00078-2,CUST-00078,1.251643348517479,-0.22714942406531813,0.0,-1.1982660591705696,0.6100813099742979,False
CTR-00079-1,CUST-00079,-0.28128526205256377,-1.9309622312132926,3.2296521780120453,1.8158739964215838,0.18734899363317356,True
CTR-00080-1,CUST-00080,0.78703428276961,0.5462695576629195,0.0,1.3586924175395851,0.7629783760263875,True
CTR-00081-1,CUST-00081,0.6931381400475393,0.8371247798805247,0.0,0.9545049098883749,0.8535308744269019,False
CTR-00081-2,CUST-00081,-0.2546817754751898,1.223618591982556,1.0,-0.7716170390367387,0.7117292106604661,True
CTR-00081-3,CUST-00081,0.6145231148921458,-0.3043668356885141,2.719100448107057,0.7721592939904665,0.6263735485954961,True
CTR-00082-1,CUST-00082,0.3279489289827266,0.05209833608458525,0.0,0.20406794851960708,0.8325574275629143,True
CTR-00083-1,CUST-00083,-0.8279245028429968,0.540624762020712,0.0,0.4063293253874656,0.434756253307741,False
CTR-00083-2,CUST-00083,-1.333019748643473,-0.3527027617195194,3.3518891907446884,0.5939401054977287,0.09751509891761462,False
CTR-00084-1,CUST-00084,0.04058732126139086,1.2829183520610874,0.0,0.6021690506772659,0.73035035815137,True
CTR-00084-2,CUST-00084,0.5703110000697289,-0.09811964498937448,1.7417629330859214,-0.2993433595137016,0.5314234368109818,True
CTR-00084-3,CUST-00084,-0.12187701189568345,0.8830815526197249,2.0300000000000002,0.4107958363253267,0.7513365933510908,True
CTR-00085-1,CUST-00085,0.8074864644463009,1.6508864395150193,0.0,0.8476274325383559,0.9531428540032907,True
CTR-00086-1,CUST-00086,0.6012294699632122,1.4239814394642807,0.2644777822251394,-1.3545011718869888,0.8940833207831088,True
CTR-00087-1,CUST-00087,-0.8411378093034552,0.5068220855677181,2.83934866982681,0.5813853607224189,0.4250426513726971,False
CTR-00088-1,CUST-00088,1.0528387249817563,0.03821640494778361,0.4289146562488565,0.2583870610664826,0.6926240816959438,True
CTR-00089-1,CUST-00089,-0.2132267059379892,0.1569404329162256,0.10219850043086609,-0.25942163304321353,0.6520560293244534,True
CTR-00090-1,CUST-00090,-0.030703500585506305,-1.034710683503469,3.4417663715089826,-0.4592797202965589,0.5277185415418738,False
CTR-00091-1,CUST-00091,0.8414859624399061,0.2994086216082505,1.0,-1.2555560847745377,0.709830294355626,True
CTR-00092-1,CUST-00092,-1.07476247429104,-0.31813254458960305,0.0,0.8843933149189572,0.4552030754364753,False
CTR-00092-2,CUST-00092,0.047431711810882016,-0.5871999475906053,1.3705082212451245,0.4505638352309689,0.5671411998633316,True
CTR-00093-1,CUST-00093,1.741806896970545,1.8849098042216137,0.0,1.2749424653984958,0.9881493749597433,True
CTR-00094-1,CUST-00094,0.4714571329138343,1.077682951279118,0.0,0.5554745995093892,0.812611521825359,True
CTR-00094-2,CUST-00094,0.07864898248555506,0.510959035594456,0.0,0.49543322486947877,0.8260857271250003,True
CTR-00095-1,CUST-00095,-0.5751102000070061,0.036332391423839594,3.0,-0.20451200584180756,0.37875072233549933,False
CTR-00095-2,CUST-00095,-0.3255419625656867,-0.242595045593924,1.3786537871288496,-1.5110264018014075,0.1260058056778835,False
CTR-00096-1,CUST-00096,1.940212019607364,0.20561930948670576,0.29375659077772187,-1.1638368522485802,0.9126540226088703,True
CTR-00097-1,CUST-00097,0.5464060795931116,-0.29875599146429105,0.0,0.14133625361920257,0.6813365271274701,False
CTR-00098-1,CUST-00098,-1.2874985350035835,1.3777846330123587,1.1614414239702442,-0.12037232510323809,0.28641187417647057,False
CTR-00099-1,CUST-00099,-0.6186421798311349,1.1171036686997744,0.0,0.13711092231709882,0.7108744800839956,False
CTR-00100-1,CUST-00100,0.946264573204092,1.0818726411760071,0.0,-0.520949900086831,0.9530578566146716,False
CTR-00101-1,CUST-00101,-1.176764928866122,-1.5937615492470234,1.6598832056041735,0.6863523503194351,0.03641320458935734,False
CTR-00102-1,CUST-00102,-0.23557666852678294,0.7921026858849157,1.0,-1.4710947006432131,0.6633881485515296,True
CTR-00103-1,CUST-00103,-0.015425870230025507,0.8811354632585239,0.0,-1.0047761547594003,0.8108988914124827,True
CTR-00104-1,CUST-00104,-0.18685897285853614,1.5441629563386257,0.0,0.8300351588823239,0.8688147397972632,False
CTR-00105-1,CUST-00105,-1.0867233156587255,0.020596599299431584,4.0,0.054311183000894256,0.2424183876540538,False
CTR-00105-2,CUST-00105,-1.6998033215726953,0.8502292512602694,1.0,-0.4952998688216609,0.2068855678975552,False
CTR-00106-1,CUST-00106,-1.4445849907619546,-1.2792086261928306,8.522384205698806,-0.24275706870318936,0.0,False
CTR-00107-1,CUST-00107,-0.11102148585405003,0.26060430083082897,2.797399387341253,-0.890942339674972,0.4901150588098213,True
CTR-00108-1,CUST-00108,-0.911137400114724,0.326677076546891,1.553826528752443,-1.5979012909031594,0.5696075517512645,True
CTR-00109-1,CUST-00109,0.6337975082458625,-0.15666526024661648,0.4166179290543752,-0.06387216152454059,0.5328645535010247,True
CTR-00110-1,CUST-00110,-0.6113506458552467,-1.7959013587717911,3.1543755661434334,-1.3420602451757966,0.08418811346648553,False
CTR-00110-2,CUST-00110,-0.3772209975625518,0.054588159316039775,2.0,-0.4176434606881351,0.425196861590556,False
CTR-00111-1,CUST-00111,-0.9761252812804497,-0.06181831108120517,2.0,-0.12283021858170595,0.22102378138517298,False
CTR-00112-1,CUST-00112,-0.1614194595683651,0.02002455455137002,5.791606284705846,-0.03404097603198686,0.47416920318626665,True
CTR-00113-1,CUST-00113,-0.8955918207865861,0.10639594172661715,4.258788857043273,-1.4560000894825054,0.22130045949846724,False
CTR-00113-2,CUST-00113,-0.05874281673665274,-0.21418008982022985,0.5273704997196832,-0.8611411838590493,0.35580923279105825,True
CTR-00113-3,CUST-00113,-0.37622690219064203,0.8030190053911521,0.0,0.9644062709037539,0.8016792718092528,True
CTR-00114-1,CUST-00114,-1.0981389536446635,-0.3316096638233935,8.777446133813154,0.17050817239933658,0.0,False
CTR-00114-2,CUST-00114,-0.542535328300181,-0.38994075061365246,1.998004218529398,-0.6545451282028033,0.17884176252423137,False
CTR-00115-1,CUST-00115,0.6513692265431621,0.8539541717539649,0.5793442931791959,0.4028965239918003,0.8190369159619537,True
CTR-00116-1,CUST-00116,-1.5269824798316234,0.33009930217606404,4.819150491065696,0.10013010920647092,0.1965793805073821,False
CTR-00117-1,CUST-00117,-0.19463249123324156,0.9558352364544813,1.0,-1.1124961460985845,0.6316779130498287,True
CTR-00118-1,CUST-00118,-0.14722396495774814,0.21006989477816257,2.308905788833906,-0.009240624847775816,0.45910814735828337,False
CTR-00119-1,CUST-00119,-0.8300389644797864,0.8216447019752556,0.0,0.8983639855905646,0.4423633667027147,False
CTR-00120-1,CUST-00120,0.5900773506454593,-0.8286298073280549,2.249847021013969,0.649778146082502,0.5135868583991015,False
CTR-00120-2,CUST-00120,-0.7479845992020232,-0.6296073230320888,0.6762052437982216,0.6798179068244348,0.2153432266724316,False
CTR-00121-1,CUST-00121,1.2618842875126113,1.857640594087655,0.0,-0.19141509882090713,0.9715420220178663,True
CTR-00121-2,CUST-00121,1.9922121944696407,1.1094744637531866,0.0,0.3977958421143696,0.9752032002858342,True
CTR-00122-1,CUST-00122,-1.9131097428725323,0.05061024415592118,2.0,0.4228057819353058,0.07267963190429737,False
CTR-00123-1,CUST-00123,-0.3192732773150708,1.1655220525291903,1.0,-0.3414271020794798,0.7855573254628395,False
CTR-00124-1,CUST-00124,0.5121225208890487,1.2869900856088523,0.0,-0.30567490624668303,0.6646992982758735,True
CTR-00125-1,CUST-00125,-0.8158952955105016,-1.903892154597452,1.7215478270362201,0.7760276561681465,0.0469603743465581,False
CTR-00126-1,CUST-00126,-0.5762116189124131,-1.6838767998625115,8.8945252285047,0.8902719209112384,0.0,False
CTR-00126-2,CUST-00126,-0.5886630907065019,-1.5652352930118005,3.6469241740770784,0.10356732322216956,0.08914294556778621,False
CTR-00127-1,CUST-00127,0.15741621411803186,-0.4827335334151546,5.7994125026451115,0.4976239777132748,0.3553696510583383,True
CTR-00128-1,CUST-00128,-0.171832268208516,0.15866731644800733,0.0,0.5085703405981126,0.6271366720890655,False
CTR-00128-2,CUST-00128,-0.8467469989934219,0.6889735435072936,0.0,0.4259875588593365,0.35477320720403666,False
CTR-00129-1,CUST-00129,0.8392657685442825,-0.47547315111765376,0.0,0.3024189724545219,0.2802167149146913,False
CTR-00130-1,CUST-00130,-0.8617435395939192,1.599306609921176,1.0,0.2402103954674773,0.6580035504932872,True
CTR-00130-2,CUST-00130,-0.1321350424827742,0.6669022336498348,0.3422304050216811,1.045736550280998,0.6948965564471943,False
CTR-00131-1,CUST-00131,0.30860433985062286,-0.4664623885290046,1.0,0.2737912867625989,0.5009148996550563,False
CTR-00131-2,CUST-00131,0.3115363587617773,0.17292976058316623,0.0,0.24971451280565904,0.784899168532314,True
CTR-00132-1,CUST-00132,0.5977500952042805,-0.18239579576500792,2.0,-0.311462041873646,0.541217927753874,False
CTR-00133-1,CUST-00133,-1.9589172540608515,-0.13425949941175064,4.413816275345049,-0.8896258102877044,0.05211247682466626,False
CTR-00134-1,CUST-00134,2.3441139766281083,0.6266476339942386,0.23071240792615577,-0.41876570350020276,0.9756158404062034,True
CTR-00135-1,CUST-00135,-3.638024974685499,-1.0187619099737257,8.0,0.5614524569538302,0.0035514626137822876,False
CTR-00136-1,CUST-00136,-0.9498384806516684,0.05788771756797034,0.0,-0.3769214769353004,0.44548128916284707,True
CTR-00136-2,CUST-00136,0.2589684986968308,-0.031139414822927387,0.282503143920382,0.8697357903177598,0.6701431841356921,True
CTR-00137-1,CUST-00137,-1.2204968038431434,0.3356564449890276,2.6868623238589056,0.09993366814005339,0.2501108853043057,False
CTR-00138-1,CUST-00138,-0.25832292996303347,-0.387704386077792,0.0,0.8919926542582673,0.38497576457462657,False
CTR-00138-2,CUST-00138,0.047048300612960975,0.4159880052936619,0.5712433737399817,1.016036320844554,0.5443273200399252,False
CTR-00139-1,CUST-00139,0.28519072664887773,-0.3982831921627602,0.0,-0.23487832817211182,0.5940698769061136,False
CTR-00140-1,CUST-00140,-0.45571418205528436,2.069840170604189,5.0,-0.17899736570179378,0.8335669568435033,True
CTR-00141-1,CUST-00141,-0.35607158412950607,-1.7409593784528705,2.46708970829843,0.36210843757252026,0.2609686072326972,False
CTR-00141-2,CUST-00141,1.5407539761819502,-2.129656136184593,8.0,-0.13549213755401987,0.4972327603324938,True
CTR-00141-3,CUST-00141,-0.4656704195033137,-0.10906597220812722,2.9412397459351114,-0.6118413975373792,0.14093036111213425,False
CTR-00142-1,CUST-00142,-1.4434453567868104,-0.8261798653582433,3.9688551903189886,-0.4663990275626615,0.09908167736199185,False
CTR-00143-1,CUST-00143,-0.6265949062209804,-0.10866406740163831,0.0,-0.6459934494160668,0.24638413609964568,True
CTR-00144-1,CUST-00144,1.5184021262368308,0.7381741729639657,1.03,0.878911341917908,0.96794475058478,True
CTR-00145-1,CUST-00145,0.1822619563572812,-0.8746552327687915,1.994200644243589,0.1435547930765549,0.4506785082915892,True
CTR-00145-2,CUST-00145,0.18188714957731175,1.6934287678074327,0.0,0.4386994468846055,0.867478644564354,True
CTR-00146-1,CUST-00146,0.3129586732183143,-1.356608114482556,8.9,0.1389856179126857,0.0,False
CTR-00146-2,CUST-00146,0.9228169988080333,-1.3608882513680254,1.9546168245558517,-0.00945651935153946,0.37918708207391416,False
CTR-00146-3,CUST-00146,0.37290381224634483,-0.5639148845299846,2.052352029558136,-0.45327487852579135,0.5353440599282648,True
CTR-00147-1,CUST-00147,-2.019623124005058,0.0788979476326035,8.0,-0.6374591373300518,0.047601752570970504,False
CTR-00148-1,CUST-00148,-1.288516694658248,-0.8572052548174995,8.0,0.03956391846122931,0.07568960679580965,False
CTR-00148-2,CUST-00148,-2.2027597141966844,-0.9059452227842577,8.48863448569897,-0.27622783381889193,0.0,False
CTR-00149-1,CUST-00149,-0.6167996915305166,0.0406374625767954,2.704180762436332,-0.05683675691307849,0.2664943773059417,True
CTR-00150-1,CUST-00150,-1.428401380378269,0.06181797065927147,1.6420818038026876,0.8115575183460914,0.2085222370598825,False
CTR-00150-2,CUST-00150,-0.7866946040901228,-0.7744291772567728,3.0,0.31634047281534194,0.14764910766201253,True
CTR-00151-1,CUST-00151,-0.36028313933376666,-0.9346824310877949,2.170140585948187,0.7007386678571528,0.42998654354366345,False
CTR-00152-1,CUST-00152,-0.34557077962061766,-0.12101923779019907,0.0,-0.8965021118282219,0.21325734933459545,False
CTR-00153-1,CUST-00153,-0.6711662035639377,-0.3155735964815219,0.0,-0.12789109007491706,0.31635399341277715,False
CTR-00154-1,CUST-00154,0.37583241667337675,1.4039673233891201,0.0,0.3160865151255725,0.7540117805966279,True
CTR-00154-2,CUST-00154,-0.813952571576466,1.4405347815863168,2.0,0.2605630940322451,0.5278085909350757,False
CTR-00154-3,CUST-00154,-0.6949504183870638,0.6198594648622222,2.0,-0.9949468369624203,0.2854910999140495,False
CTR-00155-1,CUST-00155,0.214370591228919,-0.2873763315390243,0.49908312816680844,1.0736141740160432,0.7434690543785178,True
CTR-00155-2,CUST-00155,1.6030193511490443,0.2722369886492251,1.0,-1.1777993669638749,0.8544241033914107,True
CTR-00156-1,CUST-00156,-1.128702103333835,-1.4554828567598326,6.503792478655435,-0.242175022868724,0.054194678542981524,False
CTR-00157-1,CUST-00157,0.06596082005575904,1.0516257695470226,1.0,0.05091353522450409,0.7447737457000898,True
CTR-00158-1,CUST-00158,-0.9552026166697681,0.2984285307825224,0.0,0.5913606342155406,0.45654430236192944,True
CTR-00159-1,CUST-00159,-0.9490660539780189,-2.492502028800355,6.819721576552126,-0.07109561012741401,0.019207724672008854,False
CTR-00160-1,CUST-00160,-0.8020767896905637,0.7986414308638518,2.0,-0.8797255600872782,0.18719676338491847,False
CTR-00161-1,CUST-00161,2.138780865542282,1.5044501090243663,0.0,-0.09940735552749025,0.9762638499353151,True
CTR-00161-2,CUST-00161,1.370379927703309,0.21956459139830423,0.0,-0.36538291704246145,0.8405135269538558,True
CTR-00162-1,CUST-00162,1.3573838283417408,1.167682356213228,0.0,-0.23577499278230218,0.8953667187360823,True
CTR-00162-2,CUST-00162,0.7106991655236207,-1.0590868549051444,4.002485155044726,-0.1260092840303671,0.508809995197837,False
CTR-00163-1,CUST-00163,-0.32959686054634063,-0.3613729124902323,7.131908686427682,-0.7801052662943142,0.0775705064411923,False
CTR-00163-2,CUST-00163,0.2002796569847354,-0.02657416591005546,2.0,-0.9756750215161311,0.42140576979788996,True
CTR-00163-3,CUST-00163,-0.49860974742909403,-1.4614235722669928,3.3371144975526374,-0.8194872011051745,0.07697184121763216,False
CTR-00164-1,CUST-00164,-0.6108707588106171,-0.4482120116759529,0.5985043843010645,0.9211083388757342,0.49773385826602784,True
CTR-00165-1,CUST-00165,0.08171321469131308,1.7879502108530576,4.0,0.4215372474440322,0.8337451433398589,False
CTR-00166-1,CUST-00166,1.2958136108165668,0.5409005551200801,0.0,-0.2783876455235476,0.950599416749781,True
CTR-00167-1,CUST-00167,0.2109917771754971,-0.47309897015855285,7.5794212805111165,-0.40363834989939273,0.2925954871758703,False
CTR-00168-1,CUST-00168,0.5799133640030859,0.3831976513489199,0.0,-0.6760720154599579,0.7809454936786769,True
CTR-00168-2,CUST-00168,0.6205091625956695,0.0776728782423799,3.4022893680672386,0.7006491341734904,0.4440478937933819,True
CTR-00169-1,CUST-00169,-0.2048972632048628,0.8289943465680483,3.224209696028462,-0.7910792587186415,0.5780658681426977,True
CTR-00169-2,CUST-00169,0.1719471537907281,0.6836203017791724,0.0,0.0699413185786979,0.568143143626435,True
CTR-00170-1,CUST-00170,-1.7254199546538689,-0.20908125875526423,4.651052232833345,1.2725151735006115,0.04455784736101135,False
CTR-00170-2,CUST-00170,-1.0636998440271008,-0.577276460024392,9.0,0.7265476520437752,0.0,False
CTR-00171-1,CUST-00171,-2.0354114919260375,-0.04794721264464652,4.444263084342207,1.07894609901153,0.1461785518848646,False
CTR-00172-1,CUST-00172,0.08983109600717876,-0.4289538029322929,0.0,1.794029345099266,0.7505849754614369,True
CTR-00172-2,CUST-00172,-0.9656439474953971,0.08546613069214082,1.02712430235804,0.5668325382341267,0.43186164332631255,True
CTR-00173-1,CUST-00173,-0.8461879752067362,-0.29031464558612463,3.2951190584012546,-0.35258536505963944,0.16076090770121643,False
CTR-00174-1,CUST-00174,0.9084338655527588,1.1207349569149156,0.0,0.41040100441416516,0.9635357336971871,True
CTR-00175-1,CUST-00175,0.6887539803078078,-1.4650810572548394,7.696479305679628,0.06551333500738299,0.21155451349275226,True
CTR-00175-2,CUST-00175,0.34426388251236245,-0.848223491409961,2.3063948644874497,-0.5529494132466481,0.5646425832116824,True
CTR-00176-1,CUST-00176,0.4948729332810374,-0.6143009228019283,4.170869160236029,-0.8420891049432497,0.6005665480738047,True
CTR-00176-2,CUST-00176,-0.7988860984600854,-1.69421768876333,6.075694413096356,0.06449110779275244,0.03544600793446457,False
CTR-00177-1,CUST-00177,-0.3276688368951968,0.14315710434413742,0.35526921692990876,-0.61293905963892,0.2148594617737139,False
CTR-00178-1,CUST-00178,-0.9717998768324833,0.20600284275574388,0.0,1.1535109376182104,0.2760638852392041,False
CTR-00179-1,CUST-00179,-0.34758940865570975,-1.3389374752571535,7.034928803327529,-0.2965437855602928,0.11636728759161895,False
CTR-00179-2,CUST-00179,-1.4566458710383399,0.5460233853161678,3.0,-0.5315913868104499,0.33414478279428467,False
CTR-00180-1,CUST-00180,-1.2865947449869175,-0.22087280606046594,0.6372799295698965,-0.3396191252563425,0.07896815792404105,False
CTR-00181-1,CUST-00181,-0.11690208301254092,-1.2030136019259974,6.676180973634977,1.039717878130859,0.18876411247811442,False
CTR-00181-2,CUST-00181,-0.6690312130567034,-1.4239915601324693,8.015055749949227,-0.1367045582035926,0.0,False
CTR-00182-1,CUST-00182,0.4281156732255734,-0.3068336898733079,0.0,0.2959697464812441,0.8418821985386801,True
CTR-00182-2,CUST-00182,-0.4969075422297918,-0.39432757478032754,2.0,-0.21461585525252774,0.2641619207228383,False
CTR-00183-1,CUST-00183,1.7570970077653976,-0.0769279933024154,3.137955290491915,-1.068436438174348,0.9379462895925045,True
CTR-00184-1,CUST-00184,-0.7860003702628888,-1.69606522823195,6.464444035170699,1.1570152088362178,0.08578969516924898,False
CTR-00184-2,CUST-00184,-1.530444687290267,-2.339197969666475,7.59715669724665,-1.9781386901401328,0.005996830849920449,False
CTR-00184-3,CUST-00184,-1.0988166136513806,-2.0170137369511822,8.777721726942291,-0.6327575894738802,0.0,False
CTR-00185-1,CUST-00185,-0.9977940278669165,-0.3021618662650749,1.084726643006777,-0.08295516928030158,0.295695614982839,False
CTR-00186-1,CUST-00186,-0.8586681990882048,-0.46022114923878976,2.710041584313076,-0.03535317609220656,0.3261014670308058,True
CTR-00186-2,CUST-00186,0.23232447591600602,0.1218195547666557,1.0,-0.6912106708396522,0.5575423697647551,True
CTR-00187-1,CUST-00187,-0.3593775603338308,2.2790337041971305,1.0,-1.444316052542511,0.7452636845317916,False
CTR-00188-1,CUST-00188,0.842127818838542,-0.30187503779558444,1.0,-1.5772503221792962,0.5605586577600314,True
CTR-00189-1,CUST-00189,1.3598370937349302,1.8327993175514439,0.26829760778151224,0.009671823990023892,0.974613314467168,True
CTR-00189-2,CUST-00189,1.224908981013652,-0.588523921324644,1.0,-0.49212429129140955,0.7204970029735294,True
CTR-00189-3,CUST-00189,1.1074461678762337,0.7561860332700157,0.0,0.790043261007035,0.9660541805822345,True
CTR-00190-1,CUST-00190,-1.867593302732664,0.21633577898217154,2.0,0.45188724285085524,0.07486852503056537,False
CTR-00191-1,CUST-00191,-0.4888202350984213,-0.9961826438726695,9.0,0.06690745201417336,0.0,False
CTR-00192-1,CUST-00192,-0.72022646117341,-0.531051076033277,5.524723034713955,-0.8946046839629508,0.10484308655945009,False
CTR-00192-2,CUST-00192,0.08019363510317021,0.44100678115495745,0.0,0.5486542136268484,0.5868928618766638,True
CTR-00193-1,CUST-00193,-0.620620707933194,-2.1948337962581634,3.956952172477875,-0.11828329152696883,0.059408491338133,False
CTR-00194-1,CUST-00194,-1.5362753598786931,-1.4118619990215435,4.506602561996104,0.4541251937593638,0.04539589749418061,False
CTR-00195-1,CUST-00195,1.845650107394323,0.5748238526537089,0.0,-1.0976851801448422,0.9055830996915932,True
CTR-00196-1,CUST-00196,0.0332070909383152,-0.8084993851466835,6.408734790392071,-0.5971808217372498,0.300586448848654,False
CTR-00197-1,CUST-00197,0.606040354643202,1.058507152365419,5.0,-0.07730089841503301,0.6868551889506938,False
CTR-00197-2,CUST-00197,0.3614274800716614,1.5577261072773738,0.0,0.6932801642308201,0.9607558535668393,True
CTR-00198-1,CUST-00198,0.3892650392351162,1.890004682797181,0.0,0.4968715268084013,0.9452564546648724,True
CTR-00199-1,CUST-00199,-0.8851586291287247,0.14335509095580112,5.549390966504247,-1.4114632248210086,0.16461128786644647,False
CTR-00200-1,CUST-00200,-0.19030461698695267,0.35764930842683523,0.5442888765731484,-0.5306914300064389,0.5000933586911098,True
CTR-00201-1,CUST-00201,-0.5630231181022356,-0.6515253472969897,4.285568477694987,0.31039134040847793,0.3434465064495909,True
CTR-00202-1,CUST-00202,-0.035900564434047544,1.4863406475854863,0.0,-1.043816652699449,0.6542389167333087,True
CTR-00202-2,CUST-00202,0.2753635188739343,0.6408976609360447,1.0,0.1377182805885836,0.6981833259035803,False
CTR-00203-1,CUST-00203,-1.635625295271678,-1.2632850484112503,9.0,0.052739735248794606,0.0,False
CTR-00204-1,CUST-00204,-1.4102047918983842,0.962549524956284,3.0,0.8634441949491465,0.4648494126768223,False
CTR-00205-1,CUST-00205,0.11455572358508412,0.861901714449392,0.0,-0.40220556127965945,0.7763738408060159,False
CTR-00206-1,CUST-00206,0.6076923150787381,0.12040610717441164,0.0,0.0888720408009458,0.7635975648028687,True
CTR-00206-2,CUST-00206,0.04604181876939111,-0.6215695488073016,4.6238438064273,0.6142118878754823,0.4780918935931064,False
CTR-00207-1,CUST-00207,0.6813368416593304,-0.31846503146432315,0.0,0.18856378497587206,0.6073831121158765,False
CTR-00208-1,CUST-00208,-0.4816919390582376,0.7410182026871744,5.932632237219012,1.2363469713326478,0.5030894442471945,False
CTR-00208-2,CUST-00208,-0.7586768563010379,0.02947562323235442,3.3386021948335998,-0.6417525083341483,0.4173137599033433,True
CTR-00208-3,CUST-00208,-0.47821884302710876,0.525778873226774,1.0,0.18714829025706625,0.35022524821639994,False
CTR-00209-1,CUST-00209,0.9228782827750046,0.3022384826932044,0.0,0.6647356943395353,0.9030705647916395,True
CTR-00209-2,CUST-00209,0.9491434870531635,0.0658435799298519,1.0,-0.3937693446858397,0.8481033774270724,False
CTR-00209-3,CUST-00209,1.5794808030655614,0.42016079478541385,0.0,0.6537577056292679,0.9586981305006935,True
CTR-00210-1,CUST-00210,-0.37046309391442744,-1.119331420660407,5.72569880376669,-0.3645778718929673,0.19979049399964136,False
CTR-00210-2,CUST-00210,0.08923742611453594,-1.2682811336606157,3.1621885434848718,1.149120155605518,0.25891093296942236,True
CTR-00211-1,CUST-00211,-0.3136552811596651,-0.43948152941360896,3.949381156713676,0.03671323513014377,0.1199408214310743,False
CTR-00212-1,CUST-00212,1.4885401978838555,-0.8327374629960836,1.2152559591332759,1.5579390696398916,0.9062656835215049,True
CTR-00212-2,CUST-00212,0.7391903432300784,0.823554207975911,1.0,-1.2573108555367276,0.8288696980413036,True
CTR-00213-1,CUST-00213,0.004321919968863108,-0.5713440368327367,2.499292936422166,-0.22923799538538836,0.40278541382303645,False
CTR-00213-2,CUST-00213,1.028505290930799,0.09991940209505767,1.0,0.29032170667375556,0.8679211043571263,True
CTR-00214-1,CUST-00214,1.3325599400884403,-0.9479959014292327,3.25569515139749,0.5770109319460041,0.8510833713964744,True
CTR-00215-1,CUST-00215,0.45244796693522404,0.0015628703298681268,0.0,-0.12397470063741396,0.5014703610635658,True
CTR-00216-1,CUST-00216,1.2154011935027205,-0.653722624266712,0.3172882402565209,-0.6108240121383508,0.7907998721123233,True
CTR-00217-1,CUST-00217,0.35634626132456937,-1.3707152080291625,1.3901311338255233,-1.2335381761120867,0.25010140668971265,True
CTR-00218-1,CUST-00218,1.3912727306682857,1.7243170575648963,0.0,-0.7592501296018043,0.981529066719891,True
CTR-00218-2,CUST-00218,0.32711352357237566,-0.6020264712073897,1.0,0.3561156020422025,0.23661855231677778,False
CTR-00218-3,CUST-00218,-0.3918655983234062,1.0665321229162623,0.0,-0.3826832136193793,0.8772149371539826,True
CTR-00219-1,CUST-00219,0.07704071882626445,-0.9550631809370895,3.531475882092746,0.5799668140469522,0.4470755110198997,True
CTR-00220-1,CUST-00220,-0.35322877067460695,0.09041187929810744,1.0,0.6686212404204191,0.6283797543535714,True
CTR-00221-1,CUST-00221,1.1115153917962033,-1.2770045324245187,8.0,-2.3140044933210104,0.12469189175664376,True
CTR-00222-1,CUST-00222,0.30842514775259877,-1.67479251854687,3.0402936507476888,1.8146155871879088,0.5513583810502036,True
CTR-00222-2,CUST-00222,1.9150560313056593,-0.21342728745047967,0.0,0.8970743831492443,0.9281610932151445,True
CTR-00222-3,CUST-00222,1.4071875789228998,-1.4622310921559554,0.0,1.0793596816981472,0.7999920308809076,True
CTR-00223-1,CUST-00223,-0.8817087797247345,2.3966142261421117,4.0,-1.2292381057434267,0.361684145864777,True
CTR-00224-1,CUST-00224,0.1677217081132647,-1.0734807560693338,2.1121917958808525,0.10604854707728473,0.3380538822013975,False
CTR-00225-1,CUST-00225,-0.28002282153814306,0.31489049194383467,0.0,-0.9710108223372269,0.4838372600953771,False
CTR-00226-1,CUST-00226,-0.4257553410519813,0.7659361074243412,0.0,0.18189128002103835,0.5513554173115605,False
CTR-00226-2,CUST-00226,0.729304407551407,0.451557312905563,0.0,0.7838809610321277,0.0,True
CTR-00227-1,CUST-00227,0.1890580036052526,0.21816683183954888,0.0,1.4077155137315014,0.8591115653645945,False
CTR-00228-1,CUST-00228,-0.3481157204828383,-0.2789363908349342,0.0,0.30350848656179313,0.406715236031747,True
CTR-00229-1,CUST-00229,-0.2958835038818366,0.9443044192731415,0.0,0.531139994276222,0.6062849455604501,True
CTR-00230-1,CUST-00230,-0.22092463903061033,0.7635542664802839,8.0,0.16481849104941873,0.4587151295195761,False
CTR-00231-1,CUST-00231,-0.6024308840229372,0.7941066250936822,0.3776668881694254,-0.6086922125621783,0.40932322791126335,False
CTR-00232-1,CUST-00232,1.167646829251767,0.9962246143393474,1.3116589098554887,-0.7745715413631826,0.9254004039437521,True
CTR-00232-2,CUST-00232,0.44706819528493924,0.00651588158177463,0.0,1.252323895485384,0.701598248362124,False
CTR-00233-1,CUST-00233,-0.7476955670829388,-2.4870050649320654,8.0,0.01923920885096911,0.037995434108288755,False
CTR-00233-2,CUST-00233,-1.830181718730092,-2.595244164653206,9.0,-0.036179154222496956,0.0,False
CTR-00234-1,CUST-00234,-0.6969311687421393,1.1321943989837346,1.0,-0.10356236745155906,0.3053668908920223,True
CTR-00234-2,CUST-00234,-0.14249131243761595,1.3230179865551164,0.0,0.2762458833066381,0.8754233890853739,True
CTR-00235-1,CUST-00235,0.29755043526379565,-1.029176284126025,0.32215920471376336,0.17364276173487964,0.48388559730693226,True
CTR-00235-2,CUST-00235,-0.9899998027895878,-1.144703831844378,7.720028071367046,0.8647642688645898,0.12105395928773319,True
CTR-00236-1,CUST-00236,0.4156041218727512,1.0033479924176003,1.0,-0.44188121448857637,0.7800447944127162,True
CTR-00237-1,CUST-00237,1.4964660163955015,-0.7047174882725179,0.0,-0.6699113425319279,0.8701655524510349,True
CTR-00238-1,CUST-00238,0.5630770885464664,0.7552401136570572,0.0,-0.3790411017595634,0.8801087481452431,True
CTR-00239-1,CUST-00239,-0.21289254316329326,0.7016723565359088,1.0,-0.7601148125951567,0.47254711686749784,True
CTR-00239-2,CUST-00239,-0.4059051167456802,1.5700502980347721,0.26486066871516256,1.652924244081753,0.8842797661314128,True
CTR-00239-3,CUST-00239,-0.44418959198491503,0.9498862794265228,1.0,-0.5269925019111363,0.295865329727042,False
CTR-00240-1,CUST-00240,0.2641891313668162,-0.019968370538133468,1.0,-0.27099195750208294,0.45983596279278705,True
CTR-00241-1,CUST-00241,-0.034607025880322884,0.4779186610093319,0.0,0.38608080882442997,0.789730730858073,True
CTR-00241-2,CUST-00241,0.7073340427247137,1.090772094244433,0.0,-0.0919009715574387,0.8897598198058007,False
CTR-00242-1,CUST-00242,0.7180028298372899,1.237119471219299,0.0,-0.2710009908917599,0.872618431866927,True
CTR-00243-1,CUST-00243,0.41281395617455263,-0.2472741088998085,0.4272516146630162,0.014102861999882033,0.5638762829336642,True
CTR-00243-2,CUST-00243,1.452206656043053,1.2306308145597291,0.1767932057811813,0.07607408659922807,0.9711848609923925,True
CTR-00244-1,CUST-00244,0.09185054596399345,-2.4349689698772417,1.7148704027657526,0.573660503969463,0.1504049565653716,False
CTR-00245-1,CUST-00245,0.0944100974944384,0.983313819986715,0.0,0.49287359628638955,0.849356447543946,True
CTR-00245-2,CUST-00245,1.225524976572161,1.1919149916779312,0.0,-1.4878229469939313,0.9671802123922616,True
CTR-00246-1,CUST-00246,-0.3127310407379361,-0.9502509698116095,5.9,-1.0965642713851098,0.10825657279231408,True
CTR-00247-1,CUST-00247,0.5000698182586159,-0.45636466334545844,0.6228312961555258,1.1636001713194706,0.6437071073713111,True
CTR-00247-2,CUST-00247,0.4141092479019842,0.33543323547242687,0.0,0.14381708922414238,0.7673883987088364,True
CTR-00247-3,CUST-00247,1.2944515092868438,0.21004192933907323,0.0,-1.2210123544118576,0.8759612487541455,True
CTR-00248-1,CUST-00248,0.08619864023534901,2.2333894080823384,0.0,0.3044497306759103,0.8880166557916322,True
CTR-00248-2,CUST-00248,0.8433994426457696,0.5578354693717478,0.0,-0.1362714444961417,0.8007460326179878,True
CTR-00249-1,CUST-00249,0.1780135186931695,-1.7369851610413474,3.119390103605377,1.2995170222536605,0.23165552854790575,True
CTR-00250-1,CUST-00250,0.9934753217983934,0.8697601041247593,0.0,-1.0114847241757001,0.8293659051480811,True
CTR-00251-1,CUST-00251,-0.32833205399511356,0.3185931671398735,0.35718260647915967,1.0020481475515401,0.5490580169391762,True
CTR-00251-2,CUST-00251,1.931141032885602,0.8533738858076083,0.0,-0.22426628153452755,0.9818556720210356,True
CTR-00252-1,CUST-00252,0.10644441907765706,-1.446263135485852,5.504918404026671,-0.15586696506590692,0.10330106862006566,False
CTR-00253-1,CUST-00253,-0.09654420029490668,-1.2731174493481094,0.0,-0.1705125264039134,0.21435362912188627,False
CTR-00253-2,CUST-00253,0.5490623600197395,-0.8045236990812942,4.392875794441645,-1.0864610363648202,0.33643284979588245,False
CTR-00254-1,CUST-00254,-1.0819594367104237,0.7031241644029705,0.0,1.0163584346306707,0.4642499922021702,True
CTR-00255-1,CUST-00255,-1.9682021084794319,-0.6756149820578224,5.100247361855663,0.26540148400999763,0.029790524027503512,False
CTR-00256-1,CUST-00256,-0.9628493738606267,0.08491223614679777,2.0,-0.6783702101505314,0.2814104437481996,False
CTR-00256-2,CUST-00256,-0.07123477592136918,1.517367050556619,0.0,-0.6480060493293277,0.7551491975566499,True
CTR-00257-1,CUST-00257,1.1713416577381242,1.1389440103108583,0.0,0.7986398574288802,0.9634064316626668,True
CTR-00258-1,CUST-00258,-1.2464564099889803,-1.1001628302828506,3.5121809276278677,1.1251898415612178,0.04598168588643661,False
CTR-00258-2,CUST-00258,-1.1009245462014186,-1.8196562224853658,8.0,0.8053026336831247,0.07989007858130334,True
CTR-00259-1,CUST-00259,-2.435124441237975,-0.8819085532992135,8.0,0.8165681912988747,0.02780872093766872,False
CTR-00260-1,CUST-00260,1.4811263251649367,1.505801189276999,0.0,1.3343027120261486,0.9822632854506425,True
CTR-00261-1,CUST-00261,-1.8356014893227046,1.257632823812255,0.5388271842786381,0.9945722958365881,0.32840585751616386,False
CTR-00262-1,CUST-00262,-0.8261894508441703,0.48109451404368475,0.14021161276212724,0.15433514590276315,0.26884786999164584,True
CTR-00263-1,CUST-00263,0.9084127024427007,0.6411784489969137,0.15798333862468006,-0.2391472507301332,0.8807762964815646,True
CTR-00264-1,CUST-00264,-1.0572785974818484,0.16768091654853792,1.9143886311416662,-0.08397663694405692,0.19591130579942037,True
CTR-00264-2,CUST-00264,0.36458858045965215,0.5236250770038001,0.2903210185784214,-0.34340993947690823,0.720892733247564,True
CTR-00264-3,CUST-00264,-0.02452849834254761,0.870068891427439,0.0,-0.49871603209905113,0.6632765062975668,False
CTR-00265-1,CUST-00265,-0.3062787707077087,0.21728124667631887,0.0,-0.45917286174072425,0.7419647863228839,False
CTR-00265-2,CUST-00265,-0.4462828919627171,1.1143582335336992,0.0,0.25396032262933643,0.0,True
CTR-00266-1,CUST-00266,0.128731907886118,-0.5145312141028875,3.0,-0.34508495435060327,0.3432387547926885,False
CTR-00267-1,CUST-00267,-1.7831302240813212,1.3940468321963875,9.0,-1.2291564570610651,0.0,False
CTR-00268-1,CUST-00268,-1.7046221700025201,0.25015860277472335,2.5492995263858704,-0.6304416812904964,0.09672153331029343,False
CTR-00269-1,CUST-00269,0.7504000017195203,0.7955996297083332,0.0,0.3992873725304699,0.9625595022870963,True
CTR-00269-2,CUST-00269,-0.4942619252309037,0.8028623273023494,3.394295642554503,-1.0073985176410774,0.30444440464430883,False
CTR-00270-1,CUST-00270,-0.212805001927874,-0.8301613192193513,1.0,-0.5940950473233142,0.23745791726152882,False
CTR-00271-1,CUST-00271,0.6337408257293363,-0.2883738721775201,2.8420984275143475,1.53139211341585,0.5878779287428506,False
CTR-00271-2,CUST-00271,1.204657244058627,0.14943404110917294,0.0,-1.261943827638169,0.8547713241259015,True
CTR-00272-1,CUST-00272,0.18910375816868874,-0.733389787486391,1.1603892102847158,-0.4189826286100501,0.29382427085641954,False
CTR-00272-2,CUST-00272,1.2870556105487359,-0.15032508506613462,0.0,1.0961356491325673,0.9688664608824737,True
CTR-00273-1,CUST-00273,0.40565745380509594,-1.0802005553461027,2.962648614882954,-0.44600438788183805,0.546905793889447,False
CTR-00274-1,CUST-00274,0.007028567405396813,0.3479647488145637,4.0,0.24511715679756862,0.2718031994956994,False
CTR-00274-2,CUST-00274,-1.1684064365965687,0.9506062693523125,1.2552524665360214,0.5618319883393612,0.4464721918439985,True
CTR-00275-1,CUST-00275,0.010640024156589822,-0.6531824098563092,1.1457988745116618,0.6421708902182702,0.43898994732313706,True
CTR-00276-1,CUST-00276,-0.263526442248507,-0.5646776981364131,4.342369487578331,-0.8853064965111658,0.48184764528575924,True
CTR-00277-1,CUST-00277,0.47778553055099693,0.018231017106098035,0.0,-0.5949228824803242,0.7544926635720958,True
CTR-00278-1,CUST-00278,1.14139371360791,2.1360974993114974,0.0,0.834173701334085,0.9755653107984114,True
CTR-00279-1,CUST-00279,1.3475218011782535,0.24761674832050568,1.0,-1.4900344714954776,0.7466126033633174,True
CTR-00279-2,CUST-00279,0.5282722119008303,-0.0481995959990774,0.6749373962787875,-1.0598874277874906,0.5900535631475599,True
CTR-00280-1,CUST-00280,-0.2299447832409589,-0.3748862527491561,1.634129621852274,0.13470995840832145,0.5516611262407121,False
CTR-00280-2,CUST-00280,-1.0640070403978792,-0.7692867833744784,3.0,-0.6742155434364288,0.07080043140096164,False
CTR-00281-1,CUST-00281,-0.1830708191560621,-0.08787647576917257,0.0,0.8430549473547433,0.7467158457461293,True
CTR-00281-2,CUST-00281,0.005169040627483357,-0.7993008634106732,0.0,-0.7956522308968176,0.2061710079544681,False
CTR-00281-3,CUST-00281,0.10460769270122083,-0.3447148394448575,1.0,-0.6111529556894251,0.40693572784354254,True
CTR-00282-1,CUST-00282,-0.492593695822499,-1.3110563484160833,6.421917309628084,-0.9103706812063602,0.06230301940272601,False
CTR-00282-2,CUST-00282,-1.23387875628374,-1.0696672597006265,3.729262118630751,0.3616993362936448,0.06758265847329223,False
CTR-00283-1,CUST-00283,1.3576811190977491,1.1184987111279467,0.0,0.9883230608957747,0.9302626044663135,True
CTR-00283-2,CUST-00283,1.26335976505456,1.0927507889878303,0.1911256011578113,-0.10166688163560893,0.9814008108406763,True
CTR-00284-1,CUST-00284,1.1478487601317715,-1.9356899337159523,2.5880575992788066,-0.6350714555472345,0.32513911482678703,True
CTR-00284-2,CUST-00284,0.7883157936298955,-1.054611524906938,4.762936970654091,-0.02055054184941915,0.34290190660824676,False
CTR-00285-1,CUST-00285,-1.3142253293086474,0.8782378831975985,0.0,1.1802895822095874,0.48214320537488436,False
CTR-00285-2,CUST-00285,0.01640014116449573,-0.6970565257419765,0.0,-0.5083348878963445,0.5016222993676818,True
CTR-00286-1,CUST-00286,-0.1862404308483928,0.9930473726985665,0.0,-0.31738755706248395,0.5762158794462827,True
CTR-00287-1,CUST-00287,0.29950058168380317,0.9828708981479923,1.03,-0.7679214841449469,0.8330463348587014,False
CTR-00288-1,CUST-00288,1.403739011177028,-1.6556223119683349,3.7312771834215397,-0.7199270605735955,0.6742883566341442,True
CTR-00288-2,CUST-00288,0.9977066818325533,-0.2702034527496221,0.0,-1.4009334421581032,0.5846464209774759,False
CTR-00288-3,CUST-00288,0.2039109139341333,-1.1258087956516456,8.0,0.14371159167407643,0.34896021292697627,True
CTR-00289-1,CUST-00289,-0.08057884852748576,-1.0125820803812833,0.0,-0.21479746729395388,0.38501282807650844,True
CTR-00290-1,CUST-00290,0.9951454822168361,-1.374608323754021,0.4172745655686185,-0.641094466807112,0.5573440285127562,False
CTR-00291-1,CUST-00291,0.43873860012677396,-0.4843049166824687,4.665190151047578,-1.0914720963642741,0.44808513172646186,True
CTR-00291-2,CUST-00291,-0.2849178795626647,1.3254525690327335,0.0,0.2806271427870518,0.706592262073167,True
CTR-00292-1,CUST-00292,1.2188450828063924,-0.2495541885940854,0.0,0.553386243119629,0.8722828115588389,True
CTR-00292-2,CUST-00292,-0.12505085867570465,0.36329227449281676,1.0,-0.04440386280402761,0.4253996823353564,False
CTR-00293-1,CUST-00293,-0.2859755508524493,-0.08182379554509213,2.0911901559541697,0.04502576122654184,0.5638675612318893,False
CTR-00294-1,CUST-00294,-0.5127903947479958,-1.625552411046994,8.59228158090718,1.0475249673980915,0.0,False
CTR-00294-2,CUST-00294,-0.40088825881339657,-0.28788846948450286,0.6020453714437025,0.38246289313219617,0.40541864370800185,False
CTR-00294-3,CUST-00294,0.12318564500087156,-1.2908313687822717,0.0,0.7431380127052365,0.4038341960629417,False
CTR-00295-1,CUST-00295,0.24132001959150406,-1.396939889859434,2.4672831361645926,0.14763341694864646,0.42928842552309016,False
CTR-00295-2,CUST-00295,1.3902065607206804,-0.7541158195302071,0.0,-0.7495817698288179,0.908106190497254,True
CTR-00296-1,CUST-00296,-0.15911733678945783,2.0533453908833095,0.0,-0.6112733632027514,0.8629137970613093,True
CTR-00297-1,CUST-00297,0.27090013867652196,1.2421372450509378,0.0,0.4260920040930188,0.8835768593848755,True
CTR-00298-1,CUST-00298,2.2865148847334,0.6791718659300728,0.0,-0.6811265331366548,0.9638229693489624,True
CTR-00299-1,CUST-00299,-0.6110524799490971,-1.3874549219458632,5.913179114542193,0.41378972009463355,0.16297865426040178,False
CTR-00300-1,CUST-00300,1.15386448692181,0.30728719043317776,0.0,0.3372047613757823,0.9055903848115969,True
CTR-00301-1,CUST-00301,-0.2127076209356466,0.45627745865045405,0.0,-0.18856710889865438,0.8035186955039423,True
CTR-00302-1,CUST-00302,0.6743208336503037,0.17667136801542765,1.0,-1.2176111057320371,0.5028852850806853,False
CTR-00303-1,CUST-00303,-1.0250148798884717,1.0004678505202897,0.0,1.0885558992470097,0.261135021145534,True
CTR-00304-1,CUST-00304,-0.9479966310324477,0.1579454013950642,0.38163065383771,-0.42278656878439996,0.19360550010853095,False
CTR-00305-1,CUST-00305,0.10509693330646269,-2.0189503277618135,7.0,-0.15095864012856242,0.11256085727545538,True
CTR-00306-1,CUST-00306,-0.7278488753394545,-0.7345310445897804,7.668375155839033,-0.6043346152693176,0.18116256786073937,True
CTR-00306-2,CUST-00306,0.5160528756457302,-0.7702287394641597,1.452406999017982,-0.09814559690765773,0.5888478010699696,True
CTR-00307-1,CUST-00307,-1.3435755814614319,-0.9154018048785924,7.614320395987597,-0.383345610465303,0.016054169335953203,False
CTR-00308-1,CUST-00308,-0.11164091963286443,0.7583226184548425,0.0,-0.39123611306098793,0.8125541746982643,True
CTR-00309-1,CUST-00309,0.9297648960143241,-0.3524177618261492,0.0,-0.20837280166703537,0.8928035897929774,True
CTR-00309-2,CUST-00309,-0.16610560749466952,-0.9688244871477757,0.0,0.6824980077185374,0.2262399184638396,False
CTR-00310-1,CUST-00310,0.6303744564952855,0.8951402682038381,1.0,0.312105700893903,0.8318017659409953,True
CTR-00310-2,CUST-00310,1.2435694298473694,1.8753969855281902,0.0,-0.17218851567561588,0.9413039527597246,True
CTR-00310-3,CUST-00310,0.9745627820212127,-0.12271961661006969,0.0,-0.16663191916627496,0.8365763408556559,True
CTR-00311-1,CUST-00311,-0.5242792261906373,-0.2198404455925561,0.0,-1.2241923899764684,0.6026955843270277,True
CTR-00312-1,CUST-00312,-0.35749897309530465,0.6716946565190212,1.0,-2.005187664975721,0.3324237945396181,False
CTR-00313-1,CUST-00313,-0.8765393058443427,-0.20917269104290392,0.0,0.3778994737331917,0.39949191190396327,False
CTR-00313-2,CUST-00313,-1.0696683874965687,-0.44135165401233273,8.126564393834308,-0.18926961002138062,0.0,False
CTR-00314-1,CUST-00314,0.18412290165676556,1.8278495564232586,0.0,-0.24968537586941128,0.9100835697434684,True
CTR-00315-1,CUST-00315,0.9524785800715891,-0.7297094946293797,3.519412122113661,1.3443306323161544,0.7923230713802375,True
CTR-00315-2,CUST-00315,0.3376705590059301,-0.20663380784248497,0.0,0.8431998332074069,0.6401175668337239,False
CTR-00316-1,CUST-00316,0.32460662215451086,1.3869258498198034,0.0,-0.17704834984208284,0.9133951806760965,True
CTR-00317-1,CUST-00317,-1.7787706918871202,2.585675505771157,2.0,-0.5328742633625738,0.31459558143394345,True
CTR-00318-1,CUST-00318,-1.074857368774755,-1.7802294640790053,8.0,0.7819989519755967,0.04104152140013612,False
CTR-00318-2,CUST-00318,-0.7566958624664473,-0.16482573488544228,0.6107311187642365,-0.530618674306245,0.2276361291464798,False
CTR-00319-1,CUST-00319,0.5687295484797511,0.5723777991935306,1.0,0.4720642161381221,0.7573433251444184,True
CTR-00319-2,CUST-00319,1.242952606869968,0.4711770699218506,0.36630484843760525,0.056184026824606825,0.8611760644460671,False
CTR-00320-1,CUST-00320,0.6781692217187875,0.0012008206529106058,0.0,-0.34817956517309506,0.48689291764241954,False
CTR-00321-1,CUST-00321,0.7051180847035472,-0.4806931065353639,4.749106551915259,0.19126609127166216,0.5364144333817812,True
CTR-00322-1,CUST-00322,0.2690966332455706,-0.1587827882208247,0.0,1.4304271198251048,0.7792021454920517,True
CTR-00322-2,CUST-00322,0.2869006233595524,0.5877277531779233,2.3781909451792513,0.6324277302900965,0.8416475240706404,True
CTR-00323-1,CUST-00323,-0.723508665746902,0.28028908241217004,0.5350908102964764,-0.08725428830405546,0.1828789130514778,False
CTR-00324-1,CUST-00324,0.5859431994883515,0.12630164241341968,0.0,1.1483919522295796,0.8511396704183719,True
CTR-00325-1,CUST-00325,0.697860108323626,-0.09286159949734707,0.0,0.47014875289296343,0.7901985575368329,True
CTR-00325-2,CUST-00325,1.2261894055969482,-0.4005406950901559,0.0,-0.39406325622541155,0.7834619756108683,False
CTR-00326-1,CUST-00326,-0.2840999765643224,0.0011640619505323135,4.0,-1.2866749653175433,0.18168614583679732,False
CTR-00327-1,CUST-00327,2.688961182967333,0.21598418018609095,0.0,1.469102237977114,0.9741649062043333,True
CTR-00327-2,CUST-00327,1.8361763865914362,-0.8056439022442675,0.7442154558800154,0.40551024775130373,0.8128451598508326,True
CTR-00328-1,CUST-00328,0.2571357851066572,-1.1457336532678815,5.617778531072643,0.7889077582378181,0.27815821987356143,True
CTR-00329-1,CUST-00329,-1.5181656961384642,-0.11122839700905907,0.0,-0.005856426716810664,0.0881760153083679,False
CTR-00330-1,CUST-00330,0.5610731817324489,-1.3382610228703986,8.0,-1.3557070358066827,0.2860213909132418,False
CTR-00331-1,CUST-00331,1.0435167016948428,1.516786573743802,0.0,-0.5464234497884186,0.8974764284573602,True
CTR-00331-2,CUST-00331,0.5827922350836154,1.9623414509657557,0.0,-0.8026025469190498,0.9117280196079489,True
CTR-00331-3,CUST-00331,0.544597348948233,0.17108464815657176,1.0,-1.3451725515195139,0.7156130836591408,True
CTR-00332-1,CUST-00332,-0.40803360477475076,-2.524746639962817,8.0,-0.4541218019069868,0.07989884053447524,True
CTR-00333-1,CUST-00333,-1.3212664238562168,-0.7007007649352773,5.0,1.1650387307209449,0.0772505301352375,False
CTR-00334-1,CUST-00334,-2.137613920926084,-0.06794669295746969,5.484609173428978,-0.3300272671339307,0.029189538967075882,False
CTR-00335-1,CUST-00335,1.1520147954773714,-0.35388614581808475,1.0,-1.4634698958584598,0.7433969112118188,False
CTR-00336-1,CUST-00336,-0.31661031091156566,-2.9985321784603585,7.457837638584154,0.39729502615287937,0.046053565797473044,False
CTR-00337-1,CUST-00337,0.6091827256633526,0.2579615389385977,0.46012228518482134,0.24982267449086465,0.6430214603859614,False
CTR-00338-1,CUST-00338,0.3544259092538671,0.4090915080271218,1.0,0.5518444255983039,0.6741363564019718,True
CTR-00339-1,CUST-00339,-0.12438425893938077,0.8721002401939486,0.0,0.23295527968327057,0.7317640822329412,True
CTR-00340-1,CUST-00340,-0.046911344448600116,0.29890662653929895,1.3323730638885731,0.8445499966986387,0.4911562976802226,False
CTR-00340-2,CUST-00340,-0.2890795476586621,0.5818631198141035,0.0,-1.9348116619226947,0.4559039087423112,False
CTR-00340-3,CUST-00340,-0.5020324987834734,1.5188613000509135,1.0,-0.911697267186148,0.5507585432097424,True
CTR-00341-1,CUST-00341,-0.8611288002756434,-0.5437700982143101,5.8072505707093836,0.5049922202745751,0.09988382493990573,False
CTR-00342-1,CUST-00342,-0.8208647809600863,-0.3521033821016861,2.0,0.48831442716959894,0.3278794220281225,True
CTR-00343-1,CUST-00343,1.867499064844431,-0.5913698772832701,1.0,0.2576663843005657,0.8793995593295635,True
CTR-00344-1,CUST-00344,0.7354913165143881,0.2816821363828834,0.2822536532258244,-0.4779766822834091,0.9145749539579631,True
CTR-00344-2,CUST-00344,-0.08540932184132538,-0.9078375442535376,4.423896089724916,-0.7660742436462653,0.17514766083485214,False
CTR-00344-3,CUST-00344,0.33604337608836204,-0.5286280121398517,0.0,-0.3213798303577591,0.48149682085363965,False
CTR-00345-1,CUST-00345,-1.8259910234229293,-2.3569367750317753,5.804617338352725,0.7362985302809174,0.006310587702702909,False
CTR-00346-1,CUST-00346,2.7332865165834583,1.0246753349735829,0.0,0.8715900695535644,0.9871386739488504,True
CTR-00346-2,CUST-00346,1.25114376718496,1.0196902205116019,0.0,-1.5126916842104234,0.9308099895363525,True
CTR-00346-3,CUST-00346,1.1880590796707036,0.7496858013890815,0.0,-0.03363142369924732,0.9288567793172028,True
CTR-00347-1,CUST-00347,0.617198571876853,-1.3189901608458343,1.6553977570704121,1.0710648817517552,0.3728499818424403,False
CTR-00348-1,CUST-00348,0.9184995796529672,-1.465786533912765,4.930929084540307,-0.976639007825832,0.3446874837126465,True
CTR-00349-1,CUST-00349,-0.1122338446434113,-1.1276519366935551,8.0,-0.9668492278754182,0.14393079367210365,False
CTR-00350-1,CUST-00350,0.17675917644945982,-1.0773714287899903,3.852426545106683,0.2724153362117788,0.32816352431873463,False
CTR-00351-1,CUST-00351,0.16598302044004012,0.8055535545440756,3.0,-1.5411144854357255,0.6577753443707623,False
CTR-00352-1,CUST-00352,0.848746438191994,1.5806673527520054,2.0,-1.7040805534188088,0.9633285868246204,True
CTR-00353-1,CUST-00353,0.19924959003932938,0.3141331303528324,1.998863557044201,0.17750100655979806,0.8010037604158349,True
CTR-00354-1,CUST-00354,-0.5787380370735342,0.975158852674054,0.0,-0.14502992465925643,0.5156119573801188,True
CTR-00354-2,CUST-00354,-0.3180012288425426,0.48416920531172053,0.10809841415298171,0.4319196118336488,0.5342408321629372,False
CTR-00355-1,CUST-00355,-1.4330778313356114,-0.9761813492353009,4.110630115677061,0.04584336901855346,0.08521691604391289,False
CTR-00356-1,CUST-00356,-1.1454716469080168,0.2561486854038028,3.586605824271524,-0.18174812927114747,0.149117758133195,False
CTR-00357-1,CUST-00357,-1.0939277355224348,0.13550171707400926,0.37247635296080306,-0.21240739328612285,0.27781610473975227,False
CTR-00357-2,CUST-00357,-0.4939799962499076,0.7198317510293841,0.0,-0.022340397638236864,0.660500761348281,True
CTR-00358-1,CUST-00358,-0.01964419790038291,-0.2660257755096227,0.0,0.14203096793737302,0.5347520745146707,False
CTR-00359-1,CUST-00359,0.005000248800734797,-0.2136098219852264,1.0,-0.23553884422687893,0.5340748980895419,False
CTR-00359-2,CUST-00359,0.5239591086045366,0.8015666726234751,0.0,-0.7674271745295808,0.8729062937577401,True
CTR-00360-1,CUST-00360,-1.1197939108617248,-0.07796939823316687,0.0,-0.10606001431684997,0.24393877700122277,True
CTR-00361-1,CUST-00361,-0.826298109502817,0.19150382154246653,0.0,0.1946223600306397,0.39723773986660327,False
CTR-00361-2,CUST-00361,0.18155031729307738,0.09475098259326291,0.0,1.0028218627405552,0.5439805900583441,True
CTR-00362-1,CUST-00362,0.0673288058709548,-3.168908977703839,8.0,0.8467763708659759,0.10205932400019865,False
CTR-00362-2,CUST-00362,-1.9881351597221077,-1.5433797395953668,8.0,0.41234735475251677,0.015363310197783121,False
CTR-00362-3,CUST-00362,-0.6667774936390615,-1.437106267246665,0.0,1.5503547215471816,0.2572279363557269,False
CTR-00363-1,CUST-00363,0.42574392993344023,0.20724730677707193,3.0,-0.8230097671218166,0.324956985780888,True
CTR-00364-1,CUST-00364,1.0748978215475335,-0.009444892902960023,0.0,0.10987715366515932,0.8130421579910603,True
CTR-00364-2,CUST-00364,0.46093340298461255,-1.1688106954990074,0.7034708062406285,-0.2296605534395202,0.349886722707272,True
CTR-00364-3,CUST-00364,0.2577823288505707,-0.36905510152299453,0.0,0.23220387537306,0.725967555530898,True
CTR-00365-1,CUST-00365,-0.7565576851469071,-0.03345878169441277,2.0,0.011060618983505549,0.5616130422928279,False
CTR-00366-1,CUST-00366,-0.11154448071456019,-0.9894706603170111,0.0,-0.2089411465967389,0.30928975285329724,True
CTR-00367-1,CUST-00367,0.5300608998340998,1.6688119465116367,1.0,-0.19444269755575422,0.9090671906124992,True
CTR-00368-1,CUST-00368,1.7980165120810274,0.05200285566734042,0.0,-0.691685258574405,0.7928966843035031,True
CTR-00369-1,CUST-00369,1.6360050724742403,-0.6287703066696171,0.0,0.5922448084566767,0.8834081887985545,True
CTR-00370-1,CUST-00370,-0.1251647722526129,0.24971388067434075,2.0,0.04302710571610163,0.5208669819090107,False
CTR-00371-1,CUST-00371,0.9979634481435258,0.5258421636601408,0.0,0.583106334825517,0.8967632596373789,True
CTR-00372-1,CUST-00372,0.3643627521989753,0.7907823879238688,0.0,0.23953828801209187,0.8931740959065632,True
CTR-00373-1,CUST-00373,0.6549563820027513,0.20696152359733028,0.0,0.14240700447024138,0.7687753262873119,False
CTR-00373-2,CUST-00373,-0.8317181762038568,1.282270077064095,0.0,-0.15826255672362627,0.4089161806947554,True
CTR-00374-1,CUST-00374,0.015480321265495756,0.9971510766850777,5.866030974636551,1.3483725167325016,0.76104900313181,True
CTR-00374-2,CUST-00374,0.7984092293334706,0.9209641690954927,0.0,0.907525140069622,0.9204995747494903,True
CTR-00375-1,CUST-00375,-1.3796038976563278,0.7767806243974317,5.5292681277466675,-0.26188486800507865,0.2842940365586444,False
CTR-00375-2,CUST-00375,-1.6972462460832969,-0.41004253378452843,0.0,1.2009127311117935,0.18443585511559202,True
CTR-00376-1,CUST-00376,-0.4076956881154528,-0.997147828699803,8.0,-0.680457567790367,0.10722814448326622,False
CTR-00377-1,CUST-00377,0.09503565528180957,0.5712245119062341,1.0,0.18197813193117773,0.7438894059741732,True
CTR-00378-1,CUST-00378,0.1685811849171111,-1.202962898786771,6.619964657084472,0.08345296583985007,0.16901569558877907,True
CTR-00379-1,CUST-00379,0.23807383363077117,-0.7026541098508429,2.0,-0.7264283556010542,0.39768062718290564,False
CTR-00380-1,CUST-00380,0.0007539580320008177,0.8448731169702137,0.0,-0.2578576625684236,0.5822091823760152,True
CTR-00381-1,CUST-00381,-0.29036693076173214,0.12410635805233422,2.1669603895032616,0.2907977292275492,0.47980367387289274,True
CTR-00382-1,CUST-00382,-0.19360491037892558,0.5367640018315527,0.0,0.9781522183432103,0.4771190376970526,True
CTR-00383-1,CUST-00383,1.7293976558274555,0.7120102411286701,0.0,-0.6646331312248435,0.9238597664856117,True
CTR-00383-2,CUST-00383,1.199851536389886,0.7576243090931916,0.0,-0.4148836131445577,0.9216179773254207,True
CTR-00384-1,CUST-00384,-0.06633339353361434,-0.6075140808841711,0.0,0.3859442393348988,0.5834916650792498,False
CTR-00384-2,CUST-00384,-2.0213612129699072,-0.5815025844030133,5.149802699266625,-0.7310906820124639,0.0172365813345857,False
CTR-00384-3,CUST-00384,-1.6077117224240303,-0.3097911121155547,8.711489578110372,-0.36358282207557596,0.0,False
CTR-00385-1,CUST-00385,-0.24322201359718087,1.035848388271474,5.4476047235421206,-1.051439065799843,0.48335564488720156,False
CTR-00386-1,CUST-00386,0.7256620842652248,1.3586479134274185,0.0,-0.3048050506585904,0.9256505072984512,True
CTR-00386-2,CUST-00386,0.19956938945160232,-0.5731548874872888,1.914467149534239,1.3233378904961115,0.3979009497785517,True
CTR-00387-1,CUST-00387,-0.14688283274106237,0.8634566771458849,0.33608053746740685,-0.17617198316124344,0.7814699017904679,True
CTR-00387-2,CUST-00387,1.379846828848577,1.1575217095840231,0.0,0.8554075761427781,0.9530500311478806,True
CTR-00387-3,CUST-00387,-0.12696773652239945,0.843515937310505,0.0,0.36955607450639694,0.7528427486714704,True
CTR-00388-1,CUST-00388,-2.371987394811885,-1.8004744016333674,9.0,1.6487489120284904,0.0,False
CTR-00389-1,CUST-00389,-0.5360463356650353,0.7883487675295273,0.0,0.3243796308496356,0.6795325322441931,True
CTR-00389-2,CUST-00389,0.8012607092283115,-0.6020526177854044,2.2169016762442437,-0.4246504308409441,0.6365467696479148,True
CTR-00390-1,CUST-00390,1.8984895332785718,-0.9449659532484123,1.8874128476998493,-0.18746477331377842,0.8714418763285339,True
CTR-00391-1,CUST-00391,0.26678780277074066,-0.23142438738388524,0.1741200343083975,-1.0741202920626716,0.4078680291481646,False
CTR-00391-2,CUST-00391,0.773371941355971,0.0019807849045257175,0.0,-0.563539997683597,0.7939659535106239,True
CTR-00392-1,CUST-00392,-0.42034867900810174,0.24278730444082802,0.0,-0.134705191813538,0.45685050954722717,False
CTR-00393-1,CUST-00393,0.9039280600313608,0.4746188004503026,0.0,0.49974589507434514,0.89155484935189,True
CTR-00393-2,CUST-00393,1.1435006952667695,-0.797952226049339,3.3374361924533815,-0.4000591736753481,0.7193445240540626,True
CTR-00393-3,CUST-00393,0.09165228257937008,-0.8324869317119711,0.0,-0.0721500669915013,0.3220611977834678,False
CTR-00394-1,CUST-00394,1.3837998909071407,0.34491555850999966,1.0,0.06590893408262136,0.9614384550957916,True
CTR-00395-1,CUST-00395,-0.6309749162869065,-0.24553752691344732,5.039555556310813,0.0007151982068174453,0.13784186097192092,False
CTR-00396-1,CUST-00396,-1.4154933515052752,-1.7379287266356465,2.0,-0.7865927892917534,0.016176324419949175,False
CTR-00397-1,CUST-00397,-0.0827830004305723,1.8435741399997139,0.0,0.6135433731150515,0.8993028978797449,True
CTR-00397-2,CUST-00397,-0.4991987745847755,1.6400222369210589,0.0,0.3635071306414682,0.7391096926051389,True
CTR-00398-1,CUST-00398,-0.04576761737122979,-0.5508411072018953,8.0,-0.26852427608403284,0.13411898214505885,False
CTR-00399-1,CUST-00399,-0.1389596223259619,1.047431258034742,0.0,0.4215852478455635,0.64860406119938,False
CTR-00400-1,CUST-00400,1.6766463590762848,0.03395986675680196,0.0,-0.2073571699741353,0.9737104334188139,True
CTR-00401-1,CUST-00401,-0.8250655190689651,-0.3254728668557208,8.0,-0.13588982060660876,0.1730986545730148,False
CTR-00402-1,CUST-00402,-0.5343305354348638,0.44728254809060797,0.0,-0.4099452530319595,0.5585074075899727,True
CTR-00403-1,CUST-00403,-0.17385694643022573,-0.8581507366777705,4.473130722867776,0.7404002520367257,0.27373152370704223,False
CTR-00404-1,CUST-00404,-0.4767023436500631,-0.8213092214783531,3.203651100552182,0.7801809281514038,0.22959947695975966,False
CTR-00405-1,CUST-00405,0.8252568420818104,0.7446425343412291,1.301977066513647,-0.1640408028948852,0.9122266313627859,True
CTR-00406-1,CUST-00406,0.6230233574911647,-0.1421228796467567,0.0,2.0620871987993428,0.8136714174803659,True
CTR-00406-2,CUST-00406,0.06762648462466059,-0.4143497802518752,0.0,-1.2504809726322468,0.4869265299657545,True
CTR-00407-1,CUST-00407,-1.1085729086025649,-0.1285915083380419,0.6873468440368327,0.6869199539725716,0.32474240404446203,False
CTR-00408-1,CUST-00408,0.6214608629960003,0.2583300610441964,0.27846031193932375,-0.7380216810638766,0.8303589160587777,True
CTR-00408-2,CUST-00408,-0.09331973658126258,2.0243607059474344,0.0,-0.4037110840954498,0.9175510015242229,True
CTR-00409-1,CUST-00409,1.0102057778329012,-0.24048921397273465,0.0,0.029558481525586405,0.9047509401338625,True
CTR-00410-1,CUST-00410,-0.44491463181187496,-0.17630739427267683,3.096820997655838,-0.13063742549614465,0.31025288443175897,False
CTR-00410-2,CUST-00410,-0.9883744613125729,-0.06409280039447474,3.3690682162345214,-0.3928082880015755,0.15786575984497753,False
CTR-00410-3,CUST-00410,-0.21544845404715599,0.420135145086588,1.0,-0.08377614159529692,0.31940335952317955,False
CTR-00411-1,CUST-00411,-0.22440618144635438,0.8573784477724606,0.0,-0.24619925119449498,0.5969764132703276,False
CTR-00412-1,CUST-00412,-0.6602156097310448,-1.8225221520716657,4.7610804803445586,0.8854000541849371,0.023192901297969987,False
CTR-00412-2,CUST-00412,0.24098777643303243,-1.8481154424998114,8.0,-0.039687432210729345,0.17115629210792008,False
CTR-00413-1,CUST-00413,0.6390912041140187,0.5328849363975716,0.0,2.179121551234861,0.8864748062452878,True
CTR-00414-1,CUST-00414,-1.0978342166317763,-1.0346195553726845,9.0,0.5589780442562537,0.0,False
CTR-00414-2,CUST-00414,0.33360378100330035,-2.348081314116703,2.637008164314342,-0.32710907093408814,0.336608434272848,False
CTR-00415-1,CUST-00415,0.011954811190575398,0.61061705323103,1.0,0.053739920672559394,0.549875820990722,False
CTR-00416-1,CUST-00416,1.0107742491175713,-1.4548158369225512,4.101174009529705,-1.2987390266278538,0.428364008512862,True
CTR-00417-1,CUST-00417,-0.9216776376000462,1.1366348070912702,0.0,0.15470578887539205,0.37805433193223337,True
CTR-00418-1,CUST-00418,-1.8801331122575742,-2.205866349928069,8.0,0.42558896515335204,0.005494305920185281,False
CTR-00419-1,CUST-00419,0.021313377145027512,1.6874146970161978,0.0,-0.12919733098146027,0.9442010332327825,True
CTR-00420-1,CUST-00420,0.9689558171756895,0.45606864902799205,1.0,-2.0547899767574105,0.8546463367276582,True
CTR-00420-2,CUST-00420,1.478241679716216,0.39703106939286026,1.0,0.3867379202194571,0.9618031401968713,True
CTR-00421-1,CUST-00421,-0.6848260423230623,1.1713043386324427,0.0,0.3543192833088053,0.4819059748506357,False
CTR-00422-1,CUST-00422,-0.15291343408281763,0.05756479668074817,1.5014158558102486,-0.27746864253128833,0.47198002870343325,True
CTR-00423-1,CUST-00423,-0.3652980853489838,-0.807814578002028,0.772085033517012,-1.0888019688939967,0.11033617810783719,False
CTR-00424-1,CUST-00424,-0.08649304595211538,0.044949933291162925,0.3718549989706601,0.5174073934534731,0.6716979600031755,True
CTR-00425-1,CUST-00425,1.8368141456799691,0.03407889436216327,0.0,-0.2733851084633569,0.9520943711294,True
CTR-00426-1,CUST-00426,-0.9947910988367072,0.11591427375582736,8.0,-2.228238048745366,0.041046286605496585,False
CTR-00427-1,CUST-00427,-0.9311374875186518,0.6965580740089452,1.0,0.2831606401458167,0.4739083953631168,True
CTR-00428-1,CUST-00428,0.6340105556750391,-0.17027139616137793,0.0,0.8056663603437653,0.8463209747662344,True
CTR-00429-1,CUST-00429,-0.2107184638770152,-0.538129154558572,6.908149440208534,1.2927925649881302,0.18528851435062085,False
CTR-00430-1,CUST-00430,-0.6852901755965402,-0.23547802197052048,0.0,0.5961180822261585,0.3584168033348578,False
CTR-00431-1,CUST-00431,-0.4050566055415649,0.22089283314563835,0.0,1.276472106825783,0.604705924761328,True
CTR-00431-2,CUST-00431,-1.4489114316570646,-0.08096247890478969,4.146420866203098,0.7643340607855773,0.05416367188071801,False
CTR-00432-1,CUST-00432,-0.7858900977041654,-0.5836954893524668,5.54218932439127,0.5022934252795773,0.11522755038730977,True
CTR-00433-1,CUST-00433,0.9245325331727265,0.2420716238228856,0.0,-0.16538411075344972,0.8819696998165931,True
CTR-00434-1,CUST-00434,1.549149873486047,-0.34197235612269017,0.054890741431247836,0.4612221784734843,0.9455441270436152,True
CTR-00434-2,CUST-00434,1.0683888120127585,0.7962527499419028,0.0,-0.018831507505539566,0.8964868383664858,True
CTR-00435-1,CUST-00435,-0.9530171978042022,0.029887412473689534,1.0,-0.2589661515966389,0.08699757364350653,False
CTR-00435-2,CUST-00435,-1.015800411012873,-0.8380691470471262,5.559315309860555,-0.693569768912037,0.04482693214739267,False
CTR-00435-3,CUST-00435,-1.4748670550199132,-1.1868078480884074,8.0,-0.5990063023436656,0.01661780270676919,False
CTR-00436-1,CUST-00436,0.16879129886237032,0.7178390753958993,1.1332420335365878,-0.48276861617440714,0.44777366322217116,True
CTR-00437-1,CUST-00437,0.1334453317675272,-0.035381817380199576,0.17796775686808497,-0.2903982498698462,0.5680574254442434,True
CTR-00438-1,CUST-00438,-1.2634683205930717,-0.7440363021129803,5.0,0.5021375291147371,0.04934642351183133,False
CTR-00439-1,CUST-00439,0.7410416990302573,0.9797631929266597,0.0,0.24129976204393405,0.9112726286610641,True
CTR-00440-1,CUST-00440,0.4284681359097616,-1.7868945862912273,8.0,-0.33816776015155553,0.1506378512012099,False
CTR-00440-2,CUST-00440,0.7895818394507005,-0.5597115311093158,2.0,-1.240258091711453,0.5602808689687196,True
CTR-00441-1,CUST-00441,-0.6012218592424856,0.2483157988496869,0.0,1.0741795473624562,0.6289120619415605,True
CTR-00441-2,CUST-00441,0.04115107176198786,0.7980226508995424,0.0,0.7359824893723295,0.816257614251838,False
CTR-00441-3,CUST-00441,0.4354905540307001,1.3575398428691265,0.05914568869071979,-0.3554352308892824,0.865198232438442,True
CTR-00442-1,CUST-00442,1.351760089633143,-1.6197697206364714,5.33055924420813,0.1470940971505476,0.5887023409171191,True
CTR-00443-1,CUST-00443,0.6565876335971313,0.8278162559444473,0.0,-0.29091613888926277,0.813408648456258,False
CTR-00443-2,CUST-00443,0.49288492295275405,0.5193830423097058,0.0,-0.7483201384952081,0.47919401870728984,True
CTR-00443-3,CUST-00443,-0.22166278618552127,0.567968976347656,1.5158283955798852,0.8084213871491349,0.5471332273957996,False
CTR-00444-1,CUST-00444,0.3022846561522162,-0.38065162935425656,0.12788849851370554,-0.14288999363680926,0.6311790433358565,True
CTR-00445-1,CUST-00445,-0.19375136959402572,-1.2341154359863733,1.0,-0.33372051002309944,0.10626311329021987,False
CTR-00446-1,CUST-00446,1.5708119532932157,0.5701974741086295,0.0,1.1485632194546391,0.9571228689034015,True
CTR-00446-2,CUST-00446,1.967977250862473,-0.03267312596930766,0.790343412774675,-0.42297479348486294,0.8249119423760111,True
CTR-00447-1,CUST-00447,2.8555977144525055,0.9495335989515393,0.0,-0.2296935111703101,0.9896850827696662,True
CTR-00448-1,CUST-00448,0.07352203758410053,0.34526722411714583,5.476438152522533,-0.6592625047173828,0.28535945622016295,False
CTR-00449-1,CUST-00449,-1.1806189344188984,0.40684295101628,0.2656709533179208,0.2922122206160443,0.22015133607044185,False
CTR-00450-1,CUST-00450,-1.2306300836875075,-0.4661662591213285,0.0,0.9700177754451341,0.19658304289830408,False
CTR-00450-2,CUST-00450,-0.06392748048583302,-0.43442558182510194,0.0,0.8457109978386134,0.6265727112915549,True
CTR-00450-3,CUST-00450,-0.9684087021008474,0.41078717927851177,0.0,-0.20688939204535878,0.314332480736143,True
CTR-00451-1,CUST-00451,0.07899046362392576,0.35766449224514285,1.0229485787840749,-1.3307334466647678,0.7114705113292998,True
CTR-00452-1,CUST-00452,0.050867862090190175,1.6706642220892698,0.0,0.16722744531115888,0.7902908646185861,True
CTR-00453-1,CUST-00453,0.7697566193384994,-0.6933837348878521,0.33252924893103974,-0.9016589101591139,0.5165839093650023,False
CTR-00453-2,CUST-00453,2.4383402501188414,-1.3613186029936029,4.19013757686833,-0.24646293176258988,0.849041684869471,True
CTR-00454-1,CUST-00454,-2.789369986794455,0.23210406592861388,5.317994708692883,-1.297849903847059,0.013427926719622615,False
CTR-00455-1,CUST-00455,-0.21609819263177585,0.6877338908365224,0.19667197665999114,-0.7225002801044077,0.723127763262788,True
CTR-00456-1,CUST-00456,-0.19671649790845674,-0.06738957249180211,0.0,-0.58526429728945,0.42930607811428545,True
CTR-00457-1,CUST-00457,-0.794703693707455,-2.1294709247210046,6.186373365110554,-1.2524104996308156,0.015057701754316742,False
CTR-00458-1,CUST-00458,-0.11537181303914712,-0.853548085373243,8.0,-0.7744977841344016,0.11867582123565504,False
CTR-00458-2,CUST-00458,-0.6439155593619276,-1.7301844702036746,8.306961668140037,-0.34852043968629975,0.0,False
CTR-00459-1,CUST-00459,-0.4157100144823554,2.352984095417822,0.0,-0.0814008959315699,0.7844551468838848,False
CTR-00460-1,CUST-00460,-1.7619290044851277,-0.4085835508382597,2.0,-0.07314226453306645,0.179655634377784,False
CTR-00461-1,CUST-00461,-1.7369985618410082,-0.6810133906425884,5.466201902202529,0.01780803068136161,0.05307241713522498,False
CTR-00462-1,CUST-00462,1.205661596008246,-0.9753980245474492,3.997870218070771,-0.544318616230413,0.6257951204208941,True
CTR-00463-1,CUST-00463,-0.49704464396956594,1.7365951657290775,3.0,-0.264706129594864,0.6479046312539619,False
CTR-00464-1,CUST-00464,1.6608591362783538,1.5249349916965254,0.0,-1.9867360734492658,0.9586718371094071,True
CTR-00465-1,CUST-00465,-0.436994704653455,-0.23434059453603195,0.0,-0.6911618981532199,0.17747399999358196,False
CTR-00465-2,CUST-00465,0.5510801792477442,1.294306283361487,0.261155203004682,-0.13825940784446816,0.916750602527191,False
CTR-00466-1,CUST-00466,-0.7907541637445564,-2.2945369730179843,5.472628528028228,0.22817197826291097,0.04057548386737713,False
CTR-00467-1,CUST-00467,1.8446020762815236,2.4460251632459964,0.0,1.0681209449157674,0.9898223421571003,True
CTR-00467-2,CUST-00467,1.3423827464205909,0.9158802399372352,0.0,0.5201948347703566,0.9673211920144764,True
CTR-00468-1,CUST-00468,0.8469048230927467,-1.2487076628787515,5.630177137302046,0.23142402462278186,0.4099597281912877,False
CTR-00469-1,CUST-00469,0.2156160265998625,1.971109607663224,1.0,0.55135831663037,0.8557503345147683,True
CTR-00469-2,CUST-00469,0.10882436193228182,0.9155544135873328,0.0,-0.06234594395099541,0.708102741236628,True
CTR-00470-1,CUST-00470,1.2937462011597805,0.7850197175836964,1.0,-0.2900878017587915,0.9457485676076095,True
CTR-00471-1,CUST-00471,-0.8682612664934849,0.06378822600442369,0.0,-2.063337131303151,0.2429546857146874,False
CTR-00471-2,CUST-00471,-0.224774847287168,-0.47910948114698104,1.0,0.41557309809951304,0.3464919031209913,False
CTR-00472-1,CUST-00472,0.31905163837741823,-0.27214767605371304,0.0,0.19132638248977804,0.639437978308683,True
CTR-00473-1,CUST-00473,-1.4401307812511157,-2.455771673109358,8.0,1.0666674491290564,0.009483225872822776,False
CTR-00473-2,CUST-00473,-1.551079866142015,-1.5987533028906749,8.0,0.5223842116920835,0.015993153283072225,False
CTR-00474-1,CUST-00474,0.18276921044193006,1.532856090562949,0.0,0.007484459363009233,0.9320484194253843,False
CTR-00475-1,CUST-00475,1.0167388307736185,-0.635971954565027,1.1170996895505767,0.03229504873154196,0.7309534809872043,False
CTR-00476-1,CUST-00476,-0.014413443887013655,0.3023377567873141,1.0,0.8342054123209122,0.7714824096143594,False
CTR-00477-1,CUST-00477,-0.27461567056631475,1.163093871707981,0.0,-0.02899584816018319,0.5744674554796945,True
CTR-00478-1,CUST-00478,-1.3971188629334215,0.40457993361345046,6.412734467451986,-1.1516573543385655,0.16470748602884175,True
CTR-00479-1,CUST-00479,0.01257073075134163,1.6161815924393588,0.0,0.2707495213503673,0.7523483754174178,False
CTR-00480-1,CUST-00480,-1.6974287304270232,0.8300090219486309,2.0,-0.32732785811879667,0.08860128231606906,True
CTR-00481-1,CUST-00481,-0.9866310110070695,-0.19143826080442983,0.0,0.7671325992440101,0.1321245112943262,False
CTR-00481-2,CUST-00481,0.17691227000286536,-1.0946176940115844,9.0,-0.5136595468998103,0.0,False
CTR-00481-3,CUST-00481,-0.7110674295968303,-1.5245745053585738,1.5760109166809215,-0.04036627458578568,0.07591973643518829,False
CTR-00482-1,CUST-00482,-1.5759359010016534,-0.6001253674916902,3.117252924967924,1.427581220608119,0.0989410121925237,True
CTR-00482-2,CUST-00482,-0.48837293117969927,1.1725001186251975,0.0,0.25894462262353585,0.601146594933269,False
CTR-00482-3,CUST-00482,-0.8688406991789397,0.06993185778005362,2.4989993084291715,-1.1644808552587604,0.16148409602451064,False
CTR-00483-1,CUST-00483,-0.9549400714931988,-0.8376694287775716,8.0,-0.4615977659634739,0.06382513289286992,False
CTR-00484-1,CUST-00484,1.1135083849448593,-0.01769885672551294,0.4651945118077485,-0.8535099016614112,0.7568042280280272,False
CTR-00485-1,CUST-00485,-1.111370950667166,-1.027042879795051,8.0,-0.31299240541531803,0.030829702524600874,False
CTR-00485-2,CUST-00485,-0.9103824579090254,-1.1447519318005863,9.0,-2.099403430138152,0.0,False
CTR-00486-1,CUST-00486,-0.8052566055482436,-1.0189162734440733,8.0,-0.8032236143348579,0.07256466422868549,False
CTR-00487-1,CUST-00487,0.41923139959122957,0.24985850257484687,0.0,0.055979397211374654,0.7175542790389725,True
CTR-00488-1,CUST-00488,0.8601346869549742,0.1718431467497799,0.0,1.0636451444600512,0.819825651114992,True
CTR-00488-2,CUST-00488,0.298901674899958,1.0513629769881474,0.0,-0.42210457953146785,0.7252108815941025,True
CTR-00488-3,CUST-00488,0.4430517785913964,-0.33371169699156716,0.39755259790353836,0.27730647706490846,0.5943417598665197,True
CTR-00489-1,CUST-00489,0.35851653369890013,0.811467876149626,0.0,0.4969761936411388,0.860410727280926,True
CTR-00490-1,CUST-00490,-1.1618056669636116,0.8765694145596189,2.23325632456954,0.6554802829803736,0.594336503429298,False
CTR-00491-1,CUST-00491,2.148250704007456,1.6030690718127887,0.1910938325823206,-0.16173095009545263,0.983258177350244,True
CTR-00492-1,CUST-00492,0.3275354585733965,-1.3317389490637734,2.705999062086619,1.618764739802374,0.40730084226721175,False
CTR-00493-1,CUST-00493,-0.36802985061324,-0.9819754773656095,1.63498254570294,-0.6394710683256988,0.10670081878272399,False
CTR-00493-2,CUST-00493,0.150177851690649,0.27139646533327644,2.427591961122471,-0.10281507510881577,0.45245472886299554,True
CTR-00494-1,CUST-00494,0.4084003054047605,-0.16835747668238088,0.0,-0.48473435105222196,0.6060306436986114,True
CTR-00495-1,CUST-00495,-0.943212935776329,-2.1307539171477194,4.373708438466019,-1.040919781813147,0.010848837895193681,False
CTR-00496-1,CUST-00496,-0.2886459357873179,-1.3137104606505217,2.303162449063579,1.0535057837872863,0.4977085908577894,True
CTR-00497-1,CUST-00497,-2.2132583937584718,-0.2782357847157043,2.498754959416117,-1.354950815593205,0.02154276542666433,False
CTR-00498-1,CUST-00498,0.4552385490660914,0.20910773552680997,0.0,-0.043605598076055185,0.8827090509528884,True
CTR-00498-2,CUST-00498,1.106699421652183,-0.0671051374208157,1.2519752878562747,-0.9210951360145955,0.8353547064816976,True
CTR-00499-1,CUST-00499,-1.4451891848014533,-1.3515034818808078,8.0,0.2710379870698476,0.011849957122334394,False
CTR-00500-1,CUST-00500,0.4107603195095097,1.3685757813377237,0.0,-1.1548968189408138,0.9100766580911612,True
CTR-00501-1,CUST-00501,-2.0471201190541097,-0.516680631737795,8.0,-1.3954046080190747,0.021846036426712824,False
CTR-00502-1,CUST-00502,1.8836259705317442,-1.9862843456932322,6.773164210134319,-0.7260497966308084,0.2793243215811602,False
CTR-00502-2,CUST-00502,0.14408351895532567,-2.320653541234453,4.822000287138281,1.345051076985958,0.13110002320053332,False
CTR-00503-1,CUST-00503,0.44176981037164065,-0.8204652218527199,2.0,0.06786085628693261,0.4520386900713097,True
CTR-00503-2,CUST-00503,0.2653775668926106,-0.08586418584209032,0.0,0.22004342067976068,0.585523826431464,False
CTR-00504-1,CUST-00504,-0.7395627760023185,-0.4926650908503592,5.082330481032301,-0.6845733794193418,0.17240113854066544,False
CTR-00504-2,CUST-00504,-1.3439262884080896,-0.4278489035042081,8.0,0.021348580786365257,0.050403662548166604,False
CTR-00505-1,CUST-00505,-0.8650193251388283,-0.9689102219432053,4.6634374671186825,-0.12168269183885172,0.18109739519317414,False
CTR-00505-2,CUST-00505,-2.05178355361349,-1.21032761619875,9.0,-0.9099130680929266,0.0,False
CTR-00506-1,CUST-00506,-0.7342091602356418,-0.4178291507504918,0.0,1.6924789162760017,0.0919286872422315,False
CTR-00507-1,CUST-00507,-0.4824535619246971,-0.6863468729156362,2.0,0.07035328464842908,0.23996046200910848,False
CTR-00508-1,CUST-00508,-1.4243933330593326,-1.2246552450187476,8.0,0.16758495821303554,0.03903218037342843,False
CTR-00509-1,CUST-00509,-1.3470447587848287,0.8437651860419,1.0,0.5027610708875425,0.3349176203739698,True
CTR-00510-1,CUST-00510,-0.8681162246471539,-0.142775668561975,4.565864780579969,0.8956703839840917,0.2619498702958555,False
CTR-00510-2,CUST-00510,0.9579691459958779,-0.6935449740264672,1.8315273475434988,-0.5234467977567672,0.6238628744402331,True
CTR-00510-3,CUST-00510,-0.04105435151035616,-1.1388679369455028,0.3454451182802105,0.13764565909769721,0.2802290957266222,False
CTR-00511-1,CUST-00511,0.2407879560984179,0.4123599323907746,5.082518545478004,-0.81677354413597,0.511352891052218,False
CTR-00512-1,CUST-00512,-0.31214103485667,0.593240392924395,1.544450950954714,-1.1281928978998848,0.6498206492942256,True
CTR-00512-2,CUST-00512,0.9172371891740565,-0.3215889369090086,1.3147316839419694,0.7591902261537952,0.7178127725979496,True
CTR-00512-3,CUST-00512,0.8453119457868006,0.938091976788806,0.0,-0.3395470713532095,0.8454686133526765,True
CTR-00513-1,CUST-00513,1.3175810943355364,-1.416121475154012,2.7656194002910164,0.83180952180382,0.5780614573700231,True
CTR-00514-1,CUST-00514,-0.4196020892779388,-0.07952180979633357,2.040759525443285,-0.0066563021219240015,0.3565224654461928,False
CTR-00515-1,CUST-00515,-0.4988542380606278,-0.6860346653422803,0.0,0.20698348290638094,0.48152604187681425,False
CTR-00516-1,CUST-00516,1.7349969832558076,1.9121081230912376,0.0,-1.3976336278810204,0.9871233428340724,True
CTR-00517-1,CUST-00517,1.323820026396226,0.020081792823267913,0.13086846476027647,0.3415532987131613,0.8017982854741307,True
CTR-00518-1,CUST-00518,2.1417434791193637,-0.3902287615628768,0.4019336921958573,-0.31448092263732413,0.8497149534224738,True
CTR-00518-2,CUST-00518,1.257405253230678,-0.18862603306201595,1.0,-0.4063631204341174,0.5507155958379177,False
CTR-00519-1,CUST-00519,-0.016139239382066267,-0.19180163694392868,2.786890065030007,0.28957338015532674,0.3530239621081256,False
CTR-00520-1,CUST-00520,1.5815407395039953,1.1220596494091315,0.0,-0.4335030715369237,0.8584859683850484,False
CTR-00520-2,CUST-00520,0.7087781918134153,-0.699270318483433,2.8145797981839156,0.11705486511426128,0.663944383849369,False
CTR-00521-1,CUST-00521,1.1345880942973539,0.8437833106539915,0.0,0.10577376258483973,0.9447040191880838,True
CTR-00522-1,CUST-00522,-0.2559805355982145,1.4977211701123962,0.0,-0.21910528979515426,0.7819588489701326,True
CTR-00522-2,CUST-00522,-1.0032833435953261,1.554141480344492,0.0,0.25438475229199053,0.4463275934822602,True
CTR-00523-1,CUST-00523,-0.18383305284646922,1.6659318977609732,0.0,0.8279956871416037,0.8397999693170635,True
CTR-00524-1,CUST-00524,-1.1792140981668324,-0.9091864620848935,7.364656490504595,-0.6818563086154523,0.06852547779108728,False
CTR-00524-2,CUST-00524,-1.0310194432092374,0.466941134590216,0.3652674298418591,0.6903721058323273,0.375107168823679,True
CTR-00524-3,CUST-00524,-0.38289010646093624,-0.8363185089476599,6.926091779961339,0.2650158513619316,0.09874536353500657,False
CTR-00525-1,CUST-00525,0.973287773889164,-1.0440945663045311,2.065159825347665,0.19233857550473804,0.757332128916092,False
CTR-00526-1,CUST-00526,0.875992947861763,0.593382663817557,0.0,1.1530050382151322,0.746504826429442,True
CTR-00527-1,CUST-00527,0.4315328907276077,-0.7285019086028702,5.0,-0.41453692408154463,0.39779111026810815,False
CTR-00528-1,CUST-00528,-0.01018836272320478,-0.1767936146739849,0.0,0.3208908042058175,0.6676164351700706,True
CTR-00528-2,CUST-00528,-0.7526134537052902,0.6555259532573895,0.0,-0.41939531927398394,0.43007814192555355,False
CTR-00529-1,CUST-00529,2.173164098351537,1.529547861851723,0.0,-0.4026448608514779,0.981075830975324,True
CTR-00530-1,CUST-00530,-0.7385190566203137,0.10678683501598182,9.0,-1.1842408195230987,0.0,False
CTR-00530-2,CUST-00530,0.11979220230565205,-0.6162131272366145,3.720642510820592,-0.6955420178841766,0.3648544739735186,False
CTR-00531-1,CUST-00531,0.5577382817376932,-0.04907655645629875,0.5134126076028638,0.758983471955361,0.6522398241699658,False
CTR-00531-2,CUST-00531,0.7314842143720144,0.3388307529089767,1.0,-0.6715405606660636,0.7603772250897219,True
CTR-00532-1,CUST-00532,-0.015436586300179675,-0.6939426509036095,1.5382140857061284,0.578577277920788,0.35579749615726347,True
CTR-00533-1,CUST-00533,0.8475616984599476,0.8517153314187947,0.0,0.4439929042110716,0.8486208626689913,True
CTR-00533-2,CUST-00533,1.5152896073619346,-0.5573967773628005,0.7045954152511826,0.39263107488248394,0.7885254208423994,True
CTR-00534-1,CUST-00534,0.13873168128394817,0.7185253673687906,0.0,0.5804923114687384,0.7720259787356086,True
CTR-00535-1,CUST-00535,1.1156564666868038,1.1446529887594026,0.0,-0.5574583886373798,0.9560441701470079,True
CTR-00536-1,CUST-00536,0.24667998348941755,-0.8396542448432266,8.0,-1.2745220351731168,0.07233078140503534,True
CTR-00537-1,CUST-00537,1.062849355387079,-0.6201756058971462,0.0,1.1041316124800429,0.8338735738155877,True
CTR-00538-1,CUST-00538,-0.7090068100838576,-0.946640593823187,8.0,-1.0991430282976145,0.037500078020993345,True
CTR-00539-1,CUST-00539,-0.9783844484421158,0.38304426947899306,2.366818073230563,1.1618820115401292,0.3575476190565763,True
CTR-00540-1,CUST-00540,-0.34144386873481714,-0.10789798504867715,5.3977439000850955,-0.05603625003266956,0.38106619159950933,False
CTR-00541-1,CUST-00541,1.7451676978555668,0.28480672614518404,0.0,0.12224764904965962,0.9469639601904046,True
CTR-00542-1,CUST-00542,-0.10759591031507815,-0.8635106509701698,2.1675736832335515,-1.004267325937679,0.2000230743749135,False
CTR-00542-2,CUST-00542,-0.20167783378927256,0.10123664757528211,0.0,0.8958715709394264,0.6013920813403523,False
CTR-00543-1,CUST-00543,-0.1750755150389225,-0.48064214375241265,0.41794395488470637,0.42549843514516655,0.24345687603685964,True
CTR-00544-1,CUST-00544,-2.0185165905805107,-0.3136581852274687,8.0,-0.8267569951680213,0.018364660392367282,False
CTR-00545-1,CUST-00545,-0.6938201020894912,0.746591743039684,0.0,-0.03321541794883237,0.35522739342968906,False
CTR-00546-1,CUST-00546,3.4685311171261133,1.6560484454077078,0.0,0.06519827936979242,0.9975846852854986,True
CTR-00547-1,CUST-00547,1.2014256512219743,-0.052533301990094705,0.0,0.4809032876989241,0.7479532161925089,True
CTR-00548-1,CUST-00548,-0.9900446398743444,-1.1802860350240776,3.7057729986812458,-0.2728581827288394,0.054489664335293245,False
CTR-00549-1,CUST-00549,-0.15312600139145877,0.6540429446850811,0.0,-0.22989678801685023,0.7815257509389362,True
CTR-00549-2,CUST-00549,-0.5690412291010898,1.5368018616483408,1.0,0.4666842138730269,0.4948006682283829,True
CTR-00549-3,CUST-00549,-0.5926468689313913,0.6451660264020496,0.2093404576829131,-0.10163472692272074,0.36881571199737145,False
CTR-00550-1,CUST-00550,0.6991258595927856,0.5572959272376141,0.25601216165863416,-0.7263138223309707,0.8853984425304195,True
CTR-00551-1,CUST-00551,-0.5245521522757585,-0.46378230214188876,0.5236425361447865,0.8259569239637893,0.4262068598514022,False
CTR-00551-2,CUST-00551,-0.8480535581449853,-0.7256625829124459,2.2804428744016763,-1.3387734420328534,0.07351875145653974,False
CTR-00552-1,CUST-00552,-0.0852934250303353,1.8426663219934478,2.0,-1.1547474406192566,0.7843438781823227,True
CTR-00553-1,CUST-00553,-0.3865075610934455,1.2755499538293849,2.0,-0.22411691013828894,0.3289813853581547,False
CTR-00553-2,CUST-00553,0.5501767882214419,1.043660726129628,0.0,-0.9449752111250894,0.8142745345093801,True
CTR-00554-1,CUST-00554,-1.2124896405461576,-0.3382721593197646,0.0,0.9090591193043295,0.176951789759965,False
CTR-00555-1,CUST-00555,-1.825476584442201,0.5248219630899175,6.885700018935203,-0.1282755018550057,0.15791996532420943,False
CTR-00556-1,CUST-00556,-0.5173960144661601,1.9451636004403432,0.0,-0.6253561278312441,0.5033348482890464,False
CTR-00557-1,CUST-00557,0.8124511786326613,0.44062668100414404,0.0,-0.19313770659363655,0.8001446227315386,True
CTR-00558-1,CUST-00558,2.0195891576192753,0.5719892515395276,0.0,-0.22369359091967875,0.9573555381302663,True
CTR-00559-1,CUST-00559,0.6711267589472965,0.31720080071845624,1.413239501210857,-1.1966806511661772,0.8606207574855907,True
CTR-00560-1,CUST-00560,0.8675535341063467,-0.856881840872457,8.0,0.14202834876404846,0.46900971080120124,False
CTR-00560-2,CUST-00560,0.9582298031888182,-0.24672808338398883,0.9749499033357245,-0.3060506996566776,0.5112646563792344,True
CTR-00561-1,CUST-00561,0.48868212081570994,-0.8258181403524676,0.0,0.2774566538804584,0.6178471061722105,False
CTR-00562-1,CUST-00562,0.16864751520692323,0.24603148612589387,0.0,-1.1328552184126197,0.7528547175742109,True
CTR-00563-1,CUST-00563,-0.39038851362652827,1.030970927199113,2.1664672701879186,-0.7383401213426157,0.34842773012607064,False
CTR-00563-2,CUST-00563,-0.04470279847278802,-0.038743948038631196,3.946086801401389,-0.2687747060697592,0.4977446183952787,False
CTR-00563-3,CUST-00563,0.49470038694190893,0.3961041509184339,0.0,-0.17402184800459825,0.7726455510323261,True
CTR-00564-1,CUST-00564,1.1901964708840824,2.133207235227935,0.0,0.6180967102059085,0.982342563572381,True
CTR-00564-2,CUST-00564,0.8558070368469816,1.469610958339457,0.0,0.7749631787840376,0.9523779575371704,True
CTR-00565-1,CUST-00565,0.6028034113649502,-0.06545724044647218,0.8120177407305628,-1.3724983786387934,0.7673821059946623,True
CTR-00566-1,CUST-00566,-1.1137409851127473,1.6995867785161938,0.0,-0.07486269029293269,0.49206055844160873,False
CTR-00566-2,CUST-00566,-1.134873343983579,0.7348235383376635,0.0,0.04052367094506337,0.422579727080999,False
CTR-00567-1,CUST-00567,0.05436787912220187,-2.7101070133540683,6.2288712380391456,0.8637236856575934,0.05380627052333557,False
CTR-00568-1,CUST-00568,0.237757119227762,-0.033967180332208025,3.5084954482071096,0.2619579225024094,0.5776889260404362,True
CTR-00569-1,CUST-00569,-0.18113894040962314,-0.4083372035173649,4.01615587553528,0.7222744857675549,0.4708690916089135,False
CTR-00569-2,CUST-00569,-0.5399400749520435,-0.04747424044748405,4.4564383753165115,-0.2740025306704479,0.3887074286296707,False
CTR-00569-3,CUST-00569,-1.1482495283062963,0.5211538233828708,0.0,1.4871280323891651,0.5321324021234182,False
CTR-00570-1,CUST-00570,0.19263873790176803,1.5024278763336611,0.0,-0.9490533528503002,0.8656489320053231,False
CTR-00571-1,CUST-00571,-0.03500550237742678,0.023949619200986927,1.1402342619171075,0.25089808586376644,0.4535425518180838,False
CTR-00572-1,CUST-00572,-0.9752044764381149,0.7862206939377677,2.0,-1.1911864459746553,0.1460242216084802,True
CTR-00572-2,CUST-00572,-0.7374472397234995,0.43485072155842897,0.0,0.6280908304439395,0.4421733451225392,False
CTR-00573-1,CUST-00573,1.0060131423697436,1.0288643413709442,0.0,0.6017340709020946,0.8721033573851192,False
CTR-00574-1,CUST-00574,-0.6418269331826473,-1.1563799629014702,1.0,0.2521881663260424,0.2592892606693875,False
CTR-00574-2,CUST-00574,-0.8343668568936915,-1.8319281958342466,8.0,0.3758987684241203,0.05392219149766582,False
CTR-00575-1,CUST-00575,1.3728132616818234,0.0674172605531026,0.0,-0.2917567756052808,0.8183568334011472,True
CTR-00575-2,CUST-00575,-0.6340026323634931,1.535215690334002,2.0,-0.1524938196002008,0.6685184811225684,False
CTR-00576-1,CUST-00576,-0.7418955910738092,0.5100954311316657,0.0,-0.5401817832713098,0.13506360284593463,False
CTR-00577-1,CUST-00577,-0.5400768497826314,0.3479610942880318,0.0,-0.7843738899618586,0.4066342245902224,True
CTR-00578-1,CUST-00578,0.8421827865680508,1.9529472764926052,0.0,-1.3092940673268445,0.9559333813921463,True
CTR-00579-1,CUST-00579,-1.779257055138385,-0.08234965747549673,0.0,-0.6780974880673458,0.13090199616991038,True
CTR-00580-1,CUST-00580,-0.24717183293366018,-1.0397209931801321,2.9916658812493107,0.730767114089571,0.2787837336288719,True
CTR-00580-2,CUST-00580,-1.2900707861129015,-1.6607825828466694,7.186334290428272,-0.28940029011384816,0.024209117663197204,False
CTR-00581-1,CUST-00581,-0.7936915607329249,0.26638389449304567,2.414942823219353,-0.9811143740883372,0.245894469296541,False
CTR-00582-1,CUST-00582,-0.5186665124426237,2.016924377655076,0.0,-1.27324234696904,0.35484338563670453,False
CTR-00583-1,CUST-00583,0.38799936845982674,0.19435646379862606,1.225648857495627,-1.6919039810704792,0.43274931595836535,True
CTR-00584-1,CUST-00584,0.7090419780695835,-1.0147773874031074,1.6983589253514209,-1.0078705372425536,0.5708402861721679,True
CTR-00585-1,CUST-00585,-0.5894203393146704,-1.0047581460350732,8.0,-0.19878573536452598,0.08476707502838148,False
CTR-00586-1,CUST-00586,0.676188701682328,-0.13098432810292016,0.0,-1.1406570693531146,0.8168574083597918,True
CTR-00587-1,CUST-00587,1.7607330829602503,0.7143268994309928,0.0,0.5425559204758689,0.9819807489542227,True
CTR-00588-1,CUST-00588,-0.09793989466714421,0.09897432754744612,0.5679187040260252,0.3399565926768371,0.25913980266700676,True
CTR-00589-1,CUST-00589,-0.5111830755522232,0.08108639901057663,0.0,-0.5091403868449846,0.4398514220536899,False
CTR-00589-2,CUST-00589,-0.27117116782117134,0.15444519659492087,0.0,0.30617575585389867,0.5066985538431681,True
CTR-00589-3,CUST-00589,1.258353487110148,0.8557075584796248,0.21377689927767352,0.698601188916968,0.9521993089685764,True
CTR-00590-1,CUST-00590,0.17567134963093256,-0.12522197738831198,1.6496918181484665,-1.039661200004413,0.46083197170820467,True
CTR-00591-1,CUST-00591,-0.9322553524820432,-0.6418252800515748,0.5951330985105987,1.0087707610845238,0.21763739665177698,True
CTR-00592-1,CUST-00592,-0.11789026926510299,0.3946902002499446,1.0,-0.15524869662118604,0.5548803863612815,True
CTR-00593-1,CUST-00593,-2.2159387763359777,-1.0523360931653913,4.984090386261284,-1.1491536969649006,0.027610183242236585,False
CTR-00593-2,CUST-00593,-1.1388203477388146,-1.793075842201249,8.0,0.5849829620645096,0.020089781241726026,False
CTR-00594-1,CUST-00594,-0.7053570868428276,-0.08590277695303894,0.6311431299655954,0.5563623964957028,0.08850647521937818,False
CTR-00595-1,CUST-00595,-1.3482872307706069,0.8818495602209608,1.0,0.9304571389827492,0.5130386296186812,False
CTR-00596-1,CUST-00596,1.6003222447009913,0.11359392784042377,0.14158928612068356,0.6836141932908654,0.9381992347412954,True
CTR-00596-2,CUST-00596,1.4597213070543522,-0.39353846071665455,2.43577052633137,-0.4825462766212114,0.8582288659718734,True
CTR-00596-3,CUST-00596,0.2603385094690882,0.40026219672393704,1.0,1.268017478632841,0.8343180429339561,True
CTR-00597-1,CUST-00597,-0.5515029918159866,1.373020764629296,1.0,-0.604750530036705,0.5276950090327538,True
CTR-00598-1,CUST-00598,-1.4404377339101206,-0.2603415720545124,6.823422496502835,0.4024533204591951,0.09248749563750445,False
CTR-00599-1,CUST-00599,-3.128866824026635,1.517207508223753,1.0,0.5622279919880029,0.06051770255893373,False
CTR-00600-1,CUST-00600,0.6392557142825266,-0.8583427700811046,0.0,-0.3711088526283346,0.36313044749371814,False
CTR-00600-2,CUST-00600,0.2053853980007343,-1.7578256870429225,5.361890053712649,0.278636596905875,0.22168979572849426,False
CTR-00601-1,CUST-00601,-0.18260816965972704,0.8824842405557022,0.0,0.07313120994938038,0.7140556816548952,True
CTR-00601-2,CUST-00601,-0.28694237128583316,-0.6224860986058965,9.0,-1.3078030354829118,0.0,False
CTR-00602-1,CUST-00602,0.7468789284481481,1.6710860287049196,0.0,0.48713157311108274,0.9595266459974902,True
CTR-00603-1,CUST-00603,0.3139658092618496,0.05658866854938992,1.0,-0.31731858348682174,0.6623367219323693,True
CTR-00604-1,CUST-00604,-0.6481313520138783,-1.620183914439507,3.0,1.4026404215958852,0.12129684941831936,False
CTR-00604-2,CUST-00604,0.6438074651790691,-1.3596619982240976,2.4555798469975554,-0.9360236818613455,0.3232747329189219,False
CTR-00604-3,CUST-00604,0.08298534368233834,-1.1925122470983618,7.8133137179268095,-1.08756160890116,0.08206671159336865,False
CTR-00605-1,CUST-00605,-1.0303140271840268,-1.4463004971549378,5.6763834966814555,0.45123691799431553,0.04418102343817107,False
CTR-00605-2,CUST-00605,-1.2609151382126094,-0.054577367325408965,1.33343288595055,0.9964468155430025,0.10839949559593692,False
CTR-00605-3,CUST-00605,-1.0026889174167728,0.08789955639666835,6.0,-1.818996491396701,0.03280798740848066,False
CTR-00606-1,CUST-00606,0.3728719795865948,-0.1926190380082756,0.0,1.0512276085639936,0.6160135133261693,True
CTR-00606-2,CUST-00606,1.7172500395189765,-0.2912225613825095,0.0,1.953074579394377,0.9596998282017307,True
CTR-00606-3,CUST-00606,0.24445352578906393,-0.3086747358910183,0.0,0.36771090272522244,0.7112906775145194,False
CTR-00607-1,CUST-00607,-0.5485011690851294,0.33101029190043896,5.229312730412726,-0.7352598025250885,0.3220960393879373,True
CTR-00607-2,CUST-00607,0.5098845530902786,-0.6276718259012819,1.0921118791658229,1.1319582397439805,0.7581735234808669,True
CTR-00607-3,CUST-00607,-0.9631548631395019,-1.1159228607306497,5.993214480795126,0.3340556294011375,0.06723364807183707,False
CTR-00608-1,CUST-00608,1.0632671382339973,-0.08847090718320233,8.0,-0.8306451317378543,0.6477937852846356,False
CTR-00609-1,CUST-00609,0.3641842834015706,-0.7596203410663798,0.0,0.9992007863534941,0.6052031990871852,False
CTR-00610-1,CUST-00610,0.9555709050279061,0.5402651191428012,0.0,1.4305798602635098,0.9410816836167173,True
CTR-00611-1,CUST-00611,2.3329514755066327,2.383411598098333,0.0,1.0541570631633534,0.9960329957055908,True
CTR-00612-1,CUST-00612,-0.2561394444459643,0.1742293079999171,2.0,0.35115398561816,0.4518731083588629,False
CTR-00612-2,CUST-00612,-0.5107601269134325,0.0024881881100504155,0.0,-0.9142968534827844,0.31554389184674336,True
CTR-00613-1,CUST-00613,-0.5341982442316843,0.2524571680982642,1.0,0.21896229999349304,0.30815653642709795,False
CTR-00613-2,CUST-00613,-1.7161936360468562,0.0034279613866414205,2.421680788107418,-0.37919300055838645,0.14601266988527692,False
CTR-00614-1,CUST-00614,0.01838232480161972,-0.01878199068658025,0.584782799926888,0.473913403071951,0.3210638687075858,False
CTR-00615-1,CUST-00615,-0.02330023967808645,-0.8652224831365251,2.922172970677442,0.1375875748925683,0.27514963550046073,False
CTR-00616-1,CUST-00616,-0.2613691176589258,0.029749387797388782,1.944644469241279,-0.15641948888971768,0.6034078879695585,False
CTR-00617-1,CUST-00617,-0.8683907424288095,0.3506335596975596,7.0,0.7444640201189225,0.16799495030324638,False
CTR-00617-2,CUST-00617,-1.8141683601357559,-0.7754008712750744,8.0,0.389738234199963,0.01860725018588126,False
CTR-00618-1,CUST-00618,1.7535308018773395,1.523766315469778,0.0,-0.5617433875681046,0.8997410093233179,True
CTR-00618-2,CUST-00618,0.6904593737276425,3.2428530963742803,0.0,1.1370544159876639,0.9909967499329113,True
CTR-00619-1,CUST-00619,-0.7230685046523048,-0.18122517654931047,6.070630802178298,-0.9687496892866265,0.1920424194943341,False
CTR-00619-2,CUST-00619,0.25349760557993023,0.8706009362635675,0.0,-0.5390354985379215,0.6991193211829346,True
CTR-00620-1,CUST-00620,0.07040785049190484,1.411798640069561,0.0,-0.142568726367865,0.849745815342798,True
CTR-00621-1,CUST-00621,1.5531964892726007,-2.0679553732531497,5.399506684608602,0.021398990249282768,0.7288557273579186,False
CTR-00621-2,CUST-00621,0.35473758866241756,-0.6361678118407134,0.4470064273258978,0.29802487222250207,0.7501218873443499,True
CTR-00622-1,CUST-00622,0.7692890714647644,0.22799665224576376,0.8349690539258241,0.06286199087986155,0.6450520093108093,True
CTR-00623-1,CUST-00623,1.4137550323431494,-0.7351071386569211,0.5845602459767659,0.8280002340805853,0.8534029321249522,True
CTR-00624-1,CUST-00624,-0.5516080514517346,1.3682961438488737,0.0,0.5519799662790225,0.6706161448954291,True
CTR-00624-2,CUST-00624,-0.6852454516847394,0.043225170951762315,0.0,-0.18191387058654795,0.2776418889371612,False
CTR-00625-1,CUST-00625,-0.6625445964325892,-0.8771835923328865,0.03959693545878551,1.1070475780948819,0.33163221168113227,False
CTR-00626-1,CUST-00626,-0.6202693094424769,-1.4005555065317163,5.0,-1.8080285743600344,0.08074542694128668,False
CTR-00627-1,CUST-00627,0.8785733796572816,-1.0901205467539838,3.8327638003808406,-0.23165821148915636,0.5512432074567233,False
CTR-00627-2,CUST-00627,0.8009173391147338,-0.8593852450496635,7.128343758801393,0.20879002771482846,0.5111000438224799,True
CTR-00628-1,CUST-00628,1.092791572692343,-0.053333217620339934,2.430444407590365,0.4287450758301263,0.8194026103162368,True
CTR-00629-1,CUST-00629,-0.22018942903042404,0.5813603067102898,0.0,0.9990504248986514,0.6629471057655321,False
CTR-00630-1,CUST-00630,0.7239021301036547,0.8017106442092841,0.0,0.7884912788015476,0.8841785512636079,True
CTR-00630-2,CUST-00630,0.45494860372784873,-0.21881742507228008,0.2800030917366204,1.7611441484585755,0.727666241543474,True
CTR-00630-3,CUST-00630,0.18611809250700284,1.3285348347314858,0.0,0.5697104576327976,0.7876040578130876,False
CTR-00631-1,CUST-00631,0.7022007878540654,-0.7564326530594958,1.0,0.9510711259144394,0.6410284951900272,True
CTR-00632-1,CUST-00632,-0.3635627986397518,0.6574511230351271,0.0,0.6207019317716412,0.5348283176234683,True
CTR-00633-1,CUST-00633,0.36230554724811226,-0.06757480004241845,4.8162420379765125,0.5084215033336177,0.36039402018017647,True
CTR-00634-1,CUST-00634,0.5089125300271562,1.7488580070340063,2.0,-1.555861316801856,0.9276662004595799,True
CTR-00635-1,CUST-00635,1.3058759335539551,-0.3808054136587926,0.7059063033520241,0.047347476153058066,0.8512652711847704,True
CTR-00636-1,CUST-00636,0.3060917338148056,-0.3799750591656757,0.0,0.8982943737604376,0.7474882228727022,True
CTR-00636-2,CUST-00636,1.139967362817625,-0.36382484584821334,0.0,-0.6854802777119015,0.8477938631174945,True
CTR-00637-1,CUST-00637,0.5569446003710219,1.3866044680218295,0.27571960434752874,0.20196820425453504,0.9439065329206076,True
CTR-00638-1,CUST-00638,0.29989006082299996,0.8512069533254804,0.0,0.2536127560202587,0.8288763922871423,True
CTR-00638-2,CUST-00638,0.14711491964625506,0.7797366913843851,0.0,1.239809218130406,0.8438629937989277,True
CTR-00638-3,CUST-00638,-0.693770612323722,0.2831316027030629,0.0,0.36223952504180235,0.5528281315755954,True
CTR-00639-1,CUST-00639,0.03547394966040235,-1.9935548399893541,3.7650830113897866,0.066531983935929,0.08575379489763046,False
CTR-00640-1,CUST-00640,-1.2598180047855778,-0.24944951529144593,8.019102764647712,-0.6834846182787478,0.0,False
CTR-00641-1,CUST-00641,-1.0500282086905623,-0.004804940091123824,3.3879398828977343,-0.1437439268371842,0.14984643385131932,False
CTR-00642-1,CUST-00642,-1.3640871020855394,1.3410761196976162,4.173750205630074,-0.5399335012645597,0.3008922130656285,False
CTR-00643-1,CUST-00643,-0.5337874168186338,-0.49770621475426335,0.0,0.4658684285181939,0.47716641562559736,True
CTR-00643-2,CUST-00643,-0.44129429816447485,-1.4025490335789665,5.670754808960407,-0.5782584094572598,0.06400556601118754,False
CTR-00644-1,CUST-00644,1.629525843492409,1.872579709595873,0.0,-0.291596743951675,0.9541082904274366,True
CTR-00645-1,CUST-00645,-0.6412721533358344,-0.23510716299023746,0.0,0.6246461700489834,0.3072540947017874,False
CTR-00646-1,CUST-00646,-0.7712946689569049,-0.5376685535563468,2.322812693951912,-0.9117180419033907,0.23015979363070077,False
CTR-00646-2,CUST-00646,-2.371878703134093,-0.1037757034270657,8.0,-0.1262349061666354,0.02179247624787222,False
CTR-00647-1,CUST-00647,-0.5968957279545855,-0.03416018716489008,9.0,0.10441002369691854,0.0,False
CTR-00647-2,CUST-00647,-1.0787415367705613,0.33848219568457916,7.496646310444907,-0.4632796738975028,0.11977924192953773,False
CTR-00647-3,CUST-00647,-1.452514385423754,-0.4611053438889814,4.3437741903639715,0.28748414334273276,0.1231539338021902,False
CTR-00648-1,CUST-00648,-0.23186659083860772,-0.3613991271170042,8.0,-0.8192517699876464,0.264216331851587,False
CTR-00649-1,CUST-00649,0.35289366650518117,0.4926382726330415,0.0,-0.0636982014261247,0.751824785135116,True
CTR-00649-2,CUST-00649,1.7483203581558804,1.04324183888688,0.55998264557875,0.23858752347658407,0.9543990136725045,True
CTR-00650-1,CUST-00650,-1.5083340704072252,-0.4069980778397727,5.0,0.23354083573198348,0.035487419085865266,False
CTR-00650-2,CUST-00650,-0.9321577510627403,-0.9521268563805765,0.7039005670395679,1.2309031555425745,0.18278257407577472,True
CTR-00650-3,CUST-00650,-1.2365021716923466,-0.6183705266050008,4.438021637377228,1.2385501358168363,0.09115488757200263,True
CTR-00651-1,CUST-00651,0.8278200905123447,1.7274748176339585,0.2270100430612012,-1.1495562869726073,0.8959685706960139,True
CTR-00651-2,CUST-00651,0.19849756288956855,1.1623277385671804,0.0,1.9524265985586005,0.7958834280295056,True
CTR-00652-1,CUST-00652,-0.2077154089757824,1.1408861050367025,0.0,0.08711295404050681,0.7245459202976217,True
CTR-00653-1,CUST-00653,0.866317457809791,-0.2086078139930756,0.0,0.043579828745162086,0.4761522272241372,False
CTR-00654-1,CUST-00654,0.990830120639234,0.2581753388822705,0.0,0.004446839797339397,0.8028808276318989,True
CTR-00654-2,CUST-00654,0.19819436091568637,1.3186261326747841,0.0,0.3463113494569431,0.8898472154460252,True
CTR-00655-1,CUST-00655,0.37272864238203784,-0.11019501069896497,0.0,0.840307880090966,0.8551679932848669,True
CTR-00655-2,CUST-00655,-0.2473968832006986,0.65400611626187,3.0,-0.35340962213516935,0.7113025538791201,True
CTR-00656-1,CUST-00656,1.3692898950059322,-0.05200689561815394,0.0,0.7619130355560462,0.9611948830520903,False
CTR-00656-2,CUST-00656,0.7482909611572582,-0.23790423542656589,0.0,0.19541990693520217,0.7056713107132488,True
CTR-00657-1,CUST-00657,-0.5781487338661476,-0.96173444622748,2.2769669358187663,0.6606073879562193,0.33411819543331656,False
CTR-00658-1,CUST-00658,0.15858158295693153,-0.7104647170923094,8.0,-0.3341730586416246,0.37463167485983545,True
CTR-00659-1,CUST-00659,-0.20703196015163472,-1.9090971539165271,8.0,0.3968700003328848,0.0783001945865463,False
CTR-00660-1,CUST-00660,-0.12870969517724262,-1.1920147539072627,1.3499719146565798,-0.03551360277712717,0.32484062105479594,True
CTR-00660-2,CUST-00660,0.6656129806616372,-1.9246899636097858,6.8572720389696515,0.6502226391787665,0.31442771736699565,True
CTR-00661-1,CUST-00661,0.11342533327873969,-1.0848361159762145,0.0,2.0357819610917174,0.4801583519635731,False
CTR-00662-1,CUST-00662,-0.13113694390104402,-0.16849052204515136,0.5034873582131487,-0.4280379886596095,0.6631945780570163,False
CTR-00662-2,CUST-00662,0.1743647137456713,-1.033631248967946,6.1438982448062145,1.0708374221736876,0.43031841978670976,False
CTR-00662-3,CUST-00662,-0.4411598987748826,0.3350692850443764,0.0,0.07398348072500466,0.6416878703025765,False
CTR-00663-1,CUST-00663,-1.7230879975836337,-0.9281900058802184,9.0,0.257373266151555,0.0,False
CTR-00663-2,CUST-00663,-0.7070565390081598,-0.7987558594106381,4.386999124605503,0.6011680766031279,0.17647829091134465,False
CTR-00664-1,CUST-00664,1.05930856707196,1.5265625075297935,0.0,-0.7069340170812669,0.9418185304749069,True
CTR-00665-1,CUST-00665,-1.6390074022304395,0.20410446610433222,0.0,0.6536382496918081,0.12461668619086567,False
CTR-00665-2,CUST-00665,-0.3273230631813805,0.37209803083413573,0.0,-0.3448754658566031,0.580745553817782,False
CTR-00665-3,CUST-00665,-1.4640964273110237,0.2946806488578722,0.0,1.2324322901147888,0.44730910747248465,False
CTR-00666-1,CUST-00666,-1.4783638292745944,0.09196245425581837,5.0,0.923351045061519,0.07099994708848507,False
CTR-00667-1,CUST-00667,-0.8916971035420457,1.0870512578173364,4.544614949761546,0.44189168342782437,0.2160564350187487,False
CTR-00667-2,CUST-00667,-1.2366753346009192,1.2460593505818216,1.03,-0.7895535701445853,0.5227933232760922,True
CTR-00668-1,CUST-00668,0.7246636868608023,0.5528464711068674,0.0,0.543801283390019,0.8595362937534229,True
CTR-00668-2,CUST-00668,-0.7607025708537309,-0.08507679781325203,0.0,0.37278678497165113,0.45940206918050636,False
CTR-00669-1,CUST-00669,-0.04547571985666182,0.9581276223944784,0.0,-0.2731554589309826,0.703443922641203,True
CTR-00669-2,CUST-00669,0.2743966950887691,0.7229746506067934,0.030000000000000027,1.2319224935721311,0.8517674386596638,False
CTR-00670-1,CUST-00670,0.5729191712107741,0.7304730690289369,0.0,-0.4957285285378219,0.8107116827037287,False
CTR-00671-1,CUST-00671,0.5046089230687661,0.7796795130454848,0.0,-0.155746574968383,0.7643774673011929,False
CTR-00672-1,CUST-00672,1.1348991930244214,0.6970469184027844,0.0,-0.5536764093826119,0.941054403825911,True
CTR-00673-1,CUST-00673,0.621156940102633,-0.9785908949447516,1.8370868685123676,0.947078531517633,0.5088331599052588,False
CTR-00674-1,CUST-00674,-1.6559564161320508,-1.295939873917077,3.330183618267808,-0.25981112442941556,0.035192807807055235,False
CTR-00675-1,CUST-00675,0.45214755616785485,-0.9353248424605314,5.743430247735928,-0.33784659112381044,0.5498206696844404,True
CTR-00676-1,CUST-00676,1.2006843064935222,-0.8466323414172314,1.5979543101049254,-0.9167318910070416,0.5242813741419594,True
CTR-00676-2,CUST-00676,0.4293720935257572,0.42149131243011495,0.0,-0.6910654657737338,0.5461236502566743,True
CTR-00677-1,CUST-00677,-0.6047463615376321,-0.3845052071017021,2.377452990405697,0.18988816522009172,0.1348085151933732,False
CTR-00678-1,CUST-00678,0.3825496643262831,0.2626021710146968,0.5283363951560167,0.012687420512661779,0.8157398885552681,False
CTR-00679-1,CUST-00679,-0.5158990990361029,0.01573939993242046,0.0,1.1228128206363928,0.5974076162969008,True
CTR-00680-1,CUST-00680,-0.9071218921633268,0.0130526965715555,2.3728764444480923,-0.6012500567997524,0.10259394936795879,True
CTR-00681-1,CUST-00681,0.31139605190713254,1.5684017120045435,0.0,-0.6425614153180635,0.8131518586304364,True
CTR-00682-1,CUST-00682,0.6609162046192312,0.19383565064159888,0.4554365288476888,0.45519688399428637,0.9090551691897445,True
CTR-00682-2,CUST-00682,1.2237918855329248,0.09344608073913363,2.964728197773426,-0.5185559735529431,0.4698185182228885,False
CTR-00682-3,CUST-00682,2.6302694523329078,0.4263962340182042,0.0,-0.32277987012627196,0.9933911577963406,True
CTR-00683-1,CUST-00683,-0.3210239552467487,-0.5210358406037316,1.0,-0.5091264911699316,0.3728209445707193,True
CTR-00683-2,CUST-00683,-1.4538494404448679,-0.3422675874166798,0.0,-0.9697463052270988,0.08577163075822028,False
CTR-00683-3,CUST-00683,-1.000887977144445,-0.06899637374227094,4.274115220498927,0.3017111033863227,0.22139696671450768,False
CTR-00684-1,CUST-00684,-0.5676992600082253,-0.9288641319408517,8.0,-1.0850411132118687,0.13419025941480525,False
CTR-00685-1,CUST-00685,0.889033744081201,2.3152501411570947,0.1857785070114295,-0.7699518472578887,0.9245030624879195,True
CTR-00686-1,CUST-00686,0.3513896656941699,0.02969934644117539,1.0,-1.3679283245888334,0.45706916886022697,True
CTR-00686-2,CUST-00686,1.8630717890197792,-0.9124350899081193,0.6551463800934842,1.2199061434677283,0.9145543656730509,True
CTR-00687-1,CUST-00687,0.9585896371931265,2.4466042198320768,0.0,-0.22571341771792047,0.9334468322993388,True
CTR-00688-1,CUST-00688,1.0899563685980032,-0.9968605077612944,8.0,1.2882517543143157,0.7808001194706091,True
CTR-00689-1,CUST-00689,-0.037180088794907695,-0.15789111721269788,0.0,0.6790303886985484,0.4124859756663299,True
CTR-00689-2,CUST-00689,0.16527144653682602,-0.7510669740542856,0.0,0.5602841700164115,0.6619791819270974,True
CTR-00689-3,CUST-00689,-0.8991760429838598,-0.0905008389866189,2.7824753127267887,-0.3990225687643298,0.28481379505264026,True
CTR-00690-1,CUST-00690,0.667293014889869,-0.2744209771816882,2.915515231667746,-0.24282869372778726,0.6121684583236444,True
CTR-00690-2,CUST-00690,0.17513932004570726,0.44151060672170334,1.0,-0.36577131811066643,0.75659600935182,True
CTR-00691-1,CUST-00691,-0.8488305173194215,-0.9925912905221673,8.0,0.7714446776264925,0.05005249781613449,False
CTR-00692-1,CUST-00692,0.8964642400083521,1.1295793689101494,2.2274105666244832,0.2828801402906548,0.9280262153227785,True
CTR-00692-2,CUST-00692,1.0588523915124401,0.5712522493534951,2.7094628526410593,0.3366212694482821,0.7745214070956301,True
CTR-00693-1,CUST-00693,2.5815751672715392,-0.18792797343229092,0.6582316509081128,-0.5104090217088681,0.9529810692264474,True
CTR-00694-1,CUST-00694,-1.1951466911207533,0.8565159747308163,1.2662901977936365,1.8959814421507073,0.5846363631525973,False
CTR-00695-1,CUST-00695,-0.08849052390381519,1.2456912361662307,0.0,-0.3389560542413003,0.7954139991971547,False
CTR-00695-2,CUST-00695,-0.37294725432052384,-0.4631819913128482,2.764241704340478,-0.13524991601699796,0.3126953071564592,False
CTR-00696-1,CUST-00696,-0.2586994689469765,0.24020564837987968,0.0,-1.043788968904869,0.49650354095342597,True
CTR-00697-1,CUST-00697,-0.30353668390803634,0.6653321119723782,0.3414086964752795,0.7798912696785645,0.5336396580856703,True
CTR-00698-1,CUST-00698,-0.8159243804414187,-2.2131039981039433,7.443901064250765,1.14445745600547,0.050735047885452994,False
CTR-00699-1,CUST-00699,0.7142962722366302,1.0516097215016986,1.0,-0.9176255376349998,0.7668642722672595,True
CTR-00699-2,CUST-00699,0.09983760867903108,0.8437868780885852,0.0,1.051451494255593,0.8039091747270469,True
CTR-00699-3,CUST-00699,0.5040984654555041,1.390684143679337,0.13546954914070908,0.19111803329209204,0.8321102140278059,True
CTR-00700-1,CUST-00700,-1.4627344576801806,0.4341883751602315,6.0,-0.07149358403517686,0.05200333388395919,False
CTR-00701-1,CUST-00701,-0.22974530307723465,-0.8750293626562083,1.0,0.3183614178727222,0.2156602806320586,False
CTR-00701-2,CUST-00701,-0.4159716909184049,-1.9039099202960825,0.7755018596674783,1.5200477705844484,0.20341754240271032,False
CTR-00702-1,CUST-00702,-0.4878474778158768,-0.8544240338523001,0.0,-0.7918677710024379,0.04917383494520744,False
CTR-00703-1,CUST-00703,-0.8062885015960772,0.5461624766803452,4.639875955209718,0.8283187966375078,0.3342791601862,True
CTR-00703-2,CUST-00703,-1.4006492198934222,0.10039006873257675,1.2948518792394808,0.08538824346963306,0.40665735396512925,False
CTR-00704-1,CUST-00704,-1.2035688534739784,-2.358369562637422,9.0,0.4699730108494608,0.0,False
CTR-00705-1,CUST-00705,-0.07453294431731905,-1.0860563211874348,0.2969635645708997,-0.05279055839940949,0.175746575672372,False
CTR-00705-2,CUST-00705,1.0199823766607805,0.9035253187999173,0.0,0.183870929586415,0.9550134887070556,True
CTR-00706-1,CUST-00706,-0.6656786153576199,-0.01935374831872702,1.0,-1.2776532054837493,0.24139799551370253,True
CTR-00706-2,CUST-00706,-0.48705785772592813,-0.7485593731128126,7.141809692433148,0.5234900439293242,0.12992552774515428,False
CTR-00706-3,CUST-00706,-0.3535845835559677,-0.33123727805137404,0.0,-0.13563772969333643,0.5082927971527231,False
CTR-00707-1,CUST-00707,0.33901785671380297,-0.7996226108135615,0.0,-0.047567034982893275,0.7095113726436888,True
CTR-00708-1,CUST-00708,0.10734613049879005,0.13246708982559355,1.1094763871673443,-0.40643017056449493,0.5930629767239968,True
CTR-00708-2,CUST-00708,-0.5702034760354708,-0.8068984781149153,1.4347467349184542,0.9031879186581069,0.1816421458207072,True
CTR-00709-1,CUST-00709,0.40996113127689926,0.24531667120032769,0.0,0.11063386569375644,0.727672553614709,False
CTR-00709-2,CUST-00709,0.28187563512940794,0.21499099069157812,0.0,0.21362065577381684,0.732853754002582,True
CTR-00709-3,CUST-00709,1.506309161948928,2.104564860779339,1.0,0.4028406030833837,0.9661943541613802,True
CTR-00710-1,CUST-00710,-0.5974633933198488,-2.2410974297478403,8.0,0.4339719808573109,0.04022474669847315,False
CTR-00710-2,CUST-00710,-0.3640555480256816,-1.1439198149557654,3.1286616996306034,0.9919529711513786,0.3009617637873685,True
CTR-00711-1,CUST-00711,-1.8495480707556569,-0.23057218070148447,8.0,-0.7305284659702421,0.032198881163899774,False
CTR-00712-1,CUST-00712,-1.6505576074496389,-0.6792919429201575,9.0,-0.16123776070850138,0.0,False
CTR-00713-1,CUST-00713,1.2213479032930852,1.3389309190172796,2.0,-0.39553894687097507,0.9698444249489767,True
CTR-00714-1,CUST-00714,-1.5349922532820726,-0.16599268832180242,8.0,0.5991201855875784,0.07468163773275492,False
CTR-00714-2,CUST-00714,-0.30891702214300776,-1.2957638752886809,0.0,0.7743554665577699,0.1026735732588203,False
CTR-00715-1,CUST-00715,1.746799110597932,-0.055138556570199726,0.31224382193191536,0.24020443550005563,0.9370880815141354,False
CTR-00716-1,CUST-00716,1.0311683399039824,0.27747156282574403,0.0,-1.0530673853777148,0.7890400965757004,True
CTR-00716-2,CUST-00716,0.3174317928460967,0.7803103131229112,1.0,0.5070351485678894,0.838440622657539,True
CTR-00717-1,CUST-00717,1.2412440741790087,1.4710389539514024,0.0,-1.4243097438273218,0.9489929749408162,True
CTR-00718-1,CUST-00718,-0.9021818090202252,0.36773569783695087,1.0,-1.176394491528899,0.16104898566067793,False
CTR-00719-1,CUST-00719,-1.7001387041815326,0.4195965605769673,1.0,0.9891398052387068,0.15042460763426418,False
CTR-00719-2,CUST-00719,-1.5076878491812218,-0.24296529615525608,1.5107600444000333,0.9762543228918223,0.14449120368450305,False
CTR-00719-3,CUST-00719,-0.5356374945163239,-0.07094700345587136,1.4615769759632156,0.05598038996843885,0.3471653680594187,True
CTR-00720-1,CUST-00720,1.4163056353342127,-0.24749035416181464,0.36086372678924206,1.2503440875711018,0.8454626574223593,True
CTR-00721-1,CUST-00721,-2.594456065552491,-1.5354199473131553,8.0,-1.4211148042683894,0.001990260769795533,False
CTR-00721-2,CUST-00721,-1.1909088167299489,-0.4601941569138525,1.6688648090778138,0.9626959381463022,0.18089452115692606,False
CTR-00722-1,CUST-00722,0.33512570220688026,0.9241719176017471,0.0,0.6812691788113849,0.8894677346582293,True
CTR-00722-2,CUST-00722,0.29426031629372124,2.4274648819183833,1.0,-0.35479582098099127,0.9197679864714073,True
CTR-00723-1,CUST-00723,0.17222231097573648,0.4204469220225835,1.0,0.08868724435363962,0.6899568360292897,False
CTR-00723-2,CUST-00723,-0.770102401191241,-0.574057383648447,3.0002184309994684,-0.13945841608382126,0.2645680472151217,False
CTR-00724-1,CUST-00724,-2.151941710283984,-1.566004309305063,8.0,-0.7072765073442671,0.007424559536000433,False
CTR-00725-1,CUST-00725,-1.6576406318454013,-2.2928464848179813,8.0,0.47850396322488087,0.0026689035616116567,False
CTR-00725-2,CUST-00725,-2.2348574965072583,-1.5250388666425287,6.047658970050873,-0.25788795289623406,0.010395462935458892,False
CTR-00726-1,CUST-00726,-2.3634686567438137,-2.00676376457982,8.0,-0.855878690171559,0.00814943624987739,False
CTR-00727-1,CUST-00727,-1.1359853072068251,0.29635071122805334,0.0,-0.0629151150441995,0.36679376077395687,True
CTR-00728-1,CUST-00728,-0.12331726868126197,1.0804481103047632,1.0,-1.0055786071341988,0.848526050567155,True
CTR-00729-1,CUST-00729,-0.6325925231778846,-0.18659214399234703,3.0,-1.7614248414753955,0.059192063886624964,False
CTR-00729-2,CUST-00729,0.14397032662368758,0.11610649384774702,0.0,-0.7441398025993528,0.7899524786423676,True
CTR-00729-3,CUST-00729,-0.7317754907914078,-0.0013725884385034637,1.0,0.4926595772863507,0.34277820655235663,False
CTR-00730-1,CUST-00730,0.4781854018628086,-1.850129810158595,5.902564046796275,0.06763036359001096,0.15724566577184235,False
CTR-00730-2,CUST-00730,0.3394828084512349,-0.657883315688215,1.44833352485439,-1.4547938270457055,0.368655717208231,True
CTR-00731-1,CUST-00731,1.587902374889834,-1.5701646612163433,8.0,-0.8236910173176377,0.3704066388629552,True
CTR-00732-1,CUST-00732,0.3437833963439294,1.0991743806999899,0.0,0.15724021781229103,0.9229136841231603,True
CTR-00732-2,CUST-00732,1.4706967400294653,0.6195392692095449,1.0,2.839952892464183,0.9607286111597594,True
CTR-00733-1,CUST-00733,-1.5502049581770136,-0.6287274682816207,7.387732141363772,-0.3933564810941288,0.03375467910642651,False
CTR-00734-1,CUST-00734,0.9308120106909279,-1.220158266643211,2.9556344255235034,0.7333516652101622,0.6401880299094821,True
CTR-00735-1,CUST-00735,-0.917568302455002,-1.7850343881663382,8.938005888315317,-0.6118533271225075,0.0,False
CTR-00736-1,CUST-00736,-0.5457827060417104,-1.0807386843204334,8.75663048828605,-0.5044494796814587,0.0,False
CTR-00737-1,CUST-00737,0.07936975042678845,-1.1776607796706058,8.850972379700199,-0.6935502417486493,0.0,False
CTR-00738-1,CUST-00738,-0.1903842021522295,-1.759092949026014,8.854842234562431,1.2900599213187531,0.0,False
CTR-00739-1,CUST-00739,-0.24996983469136613,0.8942097131871335,1.0,-1.4306722006921633,0.4591496845747313,False
CTR-00739-2,CUST-00739,-0.40685909558841216,2.4191255623594863,0.0,-0.5771342260182404,0.8111596194936617,True
CTR-00740-1,CUST-00740,-0.6906201638516862,-0.28651475876716903,1.470371648593499,-0.7162255845604288,0.18822992523700008,False
CTR-00741-1,CUST-00741,0.17329936640211852,0.12498338456502406,0.0,0.8572890196523547,0.6861674141388968,True
CTR-00742-1,CUST-00742,-0.2670580073485858,2.0829920529284105,0.0,0.45970910120503994,0.9129090748455747,True
CTR-00742-2,CUST-00742,-0.45676589116147426,1.5331965150147873,0.0,0.06596220653616912,0.6755159400372317,False
CTR-00742-3,CUST-00742,0.2486620049954887,1.3274736955371298,0.0,-0.24196489610529,0.8784621045078621,True
CTR-00743-1,CUST-00743,0.49963938237699623,-1.200715658252707,5.8327498396391295,0.0022527909393514414,0.18898771808593717,False
CTR-00744-1,CUST-00744,-0.28589995249704014,1.3019049703554089,0.0,0.3513411197376041,0.4932638339538117,True
CTR-00744-2,CUST-00744,-0.707874325610486,-0.22651531985536238,4.0,-0.02984768047056574,0.09505565792936038,False
CTR-00744-3,CUST-00744,0.30569850607868565,0.677256271905539,0.0,0.5875104676865245,0.644498986234905,False
CTR-00745-1,CUST-00745,0.5591392500824239,0.5044839614661053,2.0,0.38799971834549624,0.880421105932316,True
CTR-00746-1,CUST-00746,-0.9857932566398323,2.4333849490564985,0.0,0.08241898045113566,0.6680055691177551,True
CTR-00746-2,CUST-00746,-0.5774010305123558,1.1080800132191047,3.2209101327334775,-1.4471795096113478,0.49914834273606135,True
CTR-00747-1,CUST-00747,0.07461258316240726,-2.194213830984479,8.9,-0.04540054006221905,0.0,False
CTR-00747-2,CUST-00747,-1.4884792224597723,-0.3006805935006165,0.0,0.513386547921917,0.04649610545581861,False
CTR-00748-1,CUST-00748,0.9000719215571109,-1.0090184260207227,6.0023093786790644,-0.8519083363172822,0.35805278850357597,False
CTR-00748-2,CUST-00748,0.6519586180337146,-0.6270119284091913,2.321228400248943,0.3805302277448195,0.5530566373830373,True
CTR-00748-3,CUST-00748,1.2512537873850709,-0.856141394571355,3.603703590528463,0.9226963282593361,0.7764422793519161,False
CTR-00749-1,CUST-00749,2.042587338426775,-0.02208102941749135,0.3609011409881009,-0.9712116396751552,0.9502468197089272,True
CTR-00750-1,CUST-00750,-1.2430996964098067,-0.2326768370032445,6.391304760584245,-0.7924921293828326,0.04180070462642057,False
CTR-00750-2,CUST-00750,-2.6427924530064293,-0.6969262295818927,5.111669297128161,0.46680705974461184,0.011970313320219651,False
CTR-00750-3,CUST-00750,-1.9884789281091215,-0.5883627215028702,8.0,-0.010340436065780723,0.02593457084327217,False
CTR-00751-1,CUST-00751,-0.10015934232381951,1.2444214029245768,0.0,-0.6381434837341124,0.789035867902692,True
CTR-00752-1,CUST-00752,1.6801915782700458,1.2428163755154322,0.0,-1.1835750576823933,0.9612603257678822,True
CTR-00752-2,CUST-00752,1.030769489939026,0.4875682273005869,4.549883251537545,-0.8085240970778768,0.7188131755606346,False
CTR-00753-1,CUST-00753,-0.5958127464593429,-0.7664885161249311,0.0,-0.623196748240404,0.22617126003210106,False
CTR-00753-2,CUST-00753,0.4851917011036087,0.0658359871870206,0.27732064157935454,-0.3056035961340406,0.7006848566223084,True
CTR-00754-1,CUST-00754,-0.880678408121609,-1.0319527974408047,0.0,0.19690227238090663,0.10037483390081098,False
CTR-00754-2,CUST-00754,0.04146618591381607,0.47221693519783253,0.0,0.4751420556404987,0.5635125779023006,False
CTR-00754-3,CUST-00754,-0.7101694457843029,0.5259182758015711,0.3458449704553892,0.06838744417293324,0.33866855018187403,True
CTR-00755-1,CUST-00755,0.19235540860003666,0.6070590737212913,0.0,-1.1982623081319352,0.6698369050652709,True
CTR-00755-2,CUST-00755,0.8237318730317105,-0.7019486847190928,2.0,-0.6770568522590412,0.6533697816525317,True
CTR-00756-1,CUST-00756,0.6261571681950022,-0.8510103107937973,7.270174573870749,0.3040311667727603,0.29533580168895324,False
CTR-00757-1,CUST-00757,-0.48598564782052744,-0.8956778024775386,1.2831988832388919,-1.44502898847887,0.14175679200049898,False
CTR-00758-1,CUST-00758,-2.369268350477224,-1.1180662014621061,8.0,1.067188051640506,0.028248048840806547,False
CTR-00759-1,CUST-00759,0.8814561270016793,1.4889336651830392,0.0,-0.4902797688417942,0.951139063213046,True
CTR-00759-2,CUST-00759,1.5966243755112441,1.6741217302248521,0.0,0.6850493305328156,0.9861639413584928,True
CTR-00759-3,CUST-00759,-0.2565249947974554,1.5702714146066037,0.0,0.7544153065963596,0.7448904689530206,True
CTR-00760-1,CUST-00760,1.1697707679497569,0.849960395368586,0.28336337824668567,-0.1720634888408704,0.927046683576184,True
CTR-00761-1,CUST-00761,-1.2154829078701237,-0.9243934436875856,1.4420909766706789,-0.15519691582281087,0.04556727665479204,False
CTR-00762-1,CUST-00762,-1.179080777214061,1.1731256430285355,1.0,0.718843429597122,0.4355496007449301,True
CTR-00763-1,CUST-00763,1.6873190375800458,0.8690151274477391,0.0,-0.03558247778253564,0.9736425060239338,True
CTR-00764-1,CUST-00764,-1.3421135857774824,-1.559232898612089,8.0,-1.2204018287187908,0.02188205529260509,False
CTR-00765-1,CUST-00765,-0.29219472738260244,-0.30649212137019294,0.0,1.382792657868809,0.7344972622345596,True
CTR-00765-2,CUST-00765,1.2964687492066296,1.7034311802807116,0.0,1.7054512440080565,0.9753038109348099,True
CTR-00765-3,CUST-00765,1.0785821452760858,-1.1896154282576008,1.0,-0.48466404953762304,0.669825582170233,True
CTR-00766-1,CUST-00766,0.26152447346353924,-0.7708073295378196,1.477762077214116,-0.3379188321807355,0.3119199502666617,False
CTR-00766-2,CUST-00766,0.13624075622907528,0.11528768974014925,2.820022113678181,-0.7356020657269334,0.31021197839760556,True
CTR-00766-3,CUST-00766,1.4174228803057354,-0.024808282693880357,0.0,1.5808526168196195,0.9668866166425866,True
CTR-00767-1,CUST-00767,0.49138736518265835,0.3761791009337415,0.9075817577486023,0.9146031023583767,0.847572846599583,True
CTR-00768-1,CUST-00768,1.6706028523364798,0.2366269395467538,0.0,-0.2901503307345541,0.8967281531876249,True
CTR-00769-1,CUST-00769,0.6139095701423494,0.3746970791356496,0.31733107341113087,0.8072965456992491,0.8538456466531846,True
CTR-00769-2,CUST-00769,0.04352100678877008,1.2174828898236607,0.0,-0.324913060227657,0.6959333797273285,True
CTR-00770-1,CUST-00770,1.4526219641888725,-2.0329532734677542,5.068090678887677,-0.1433149763753182,0.46880491479335074,True
CTR-00770-2,CUST-00770,-0.9040649583125655,-0.8719688856041178,7.088788475769666,-1.7617538512474509,0.028474390154907034,False
CTR-00771-1,CUST-00771,-1.9559587096853366,-1.754207540652422,8.8,0.46046398280267736,0.0,False
CTR-00771-2,CUST-00771,-1.7591770056112483,-2.2074617217909998,8.0,0.09671183704118397,0.012221506593051658,False
CTR-00772-1,CUST-00772,0.36354526352022876,-0.28806796339249485,0.0,0.1802554985265926,0.4242165059082257,True
CTR-00773-1,CUST-00773,-1.325234322845598,-0.8933711264202658,8.0,0.3291691072090309,0.05343572681458868,False
CTR-00774-1,CUST-00774,-1.6439043693732258,-0.9837981432704399,8.664257028522684,-1.9340232176978338,0.0,False
CTR-00774-2,CUST-00774,0.6622584361158086,0.495080267529534,0.0,-0.5493276412030077,0.8240662561487713,True
CTR-00775-1,CUST-00775,1.0861478088820051,1.236388454733027,0.0,-0.41593911391481075,0.9640796894358921,True
CTR-00776-1,CUST-00776,-0.17864749509548994,0.6081925179024386,0.0,0.39876887716003667,0.7147461525983363,True
CTR-00776-2,CUST-00776,0.6670847956233275,0.27668794035253597,0.0,1.240015151360722,0.8549211979127657,True
CTR-00777-1,CUST-00777,-0.17785756264138927,-1.1712123859210686,0.29118746090815284,0.6031622883298604,0.3009060389277335,True
CTR-00778-1,CUST-00778,2.9134436334482543,0.05441821311845296,1.116489469821337,0.0216787109561679,0.9710321137574113,True
CTR-00778-2,CUST-00778,2.522528578008274,1.3355584093764827,0.0,-0.6792460431939914,0.9874916079204409,True
CTR-00778-3,CUST-00778,1.461763506012111,1.6667366659055531,0.0,-0.20916476256738398,0.9826042083864757,True
CTR-00779-1,CUST-00779,-1.712075120552984,-0.25716066959731737,8.0,0.7311711495004265,0.040213885702939996,False
CTR-00780-1,CUST-00780,-0.02906224147879588,0.03153944133160003,0.0,0.7433642940027174,0.6508214330020755,False
CTR-00781-1,CUST-00781,0.7144980518002967,-0.10954401476591094,1.4728657550193471,0.6123533875444028,0.5717517776795313,True
CTR-00782-1,CUST-00782,2.4645984970525507,0.7249152256769535,0.0,1.0685638030043338,0.9950926505374716,True
CTR-00783-1,CUST-00783,-0.989258585561032,-0.3140240044756972,5.397691235222551,-0.1712677076695553,0.1194820822525758,False
CTR-00783-2,CUST-00783,-0.2734261351099105,-1.6825298142412866,5.545435620353622,0.5825194244812885,0.19149348849402104,False
CTR-00783-3,CUST-00783,0.05359695752307192,0.150669389280484,0.0,0.2998641914738869,0.6355249267748599,False
CTR-00784-1,CUST-00784,-0.619455567942899,1.6333464092315861,0.0,-0.14403977402400314,0.8195722258364595,True
CTR-00784-2,CUST-00784,0.25875338905269196,1.5965108949980604,0.0,-0.129430267842158,0.8256248619137347,True
CTR-00785-1,CUST-00785,-1.7866358553840955,0.24809252259777026,5.406584593747345,-0.2290121981183285,0.15440055070791764,False
CTR-00785-2,CUST-00785,-0.6965464903782237,-0.3191345380447953,2.909272930188242,-0.6404296482621722,0.1363552341539841,False
CTR-00785-3,CUST-00785,-0.6414350792446888,-1.3058079737328132,9.0,-1.171597605443516,0.0,False
CTR-00786-1,CUST-00786,0.3144569704401825,1.1362936017466396,3.260597807124915,-0.7249969872297243,0.7213690856174254,False
CTR-00787-1,CUST-00787,0.02881359961769523,-1.6780229471912282,5.701981589837854,-0.7419186232170718,0.11963386411718714,True
CTR-00788-1,CUST-00788,0.7244628047548771,-0.021355569361075744,0.0,-0.6564971052549702,0.7219781949837397,True
CTR-00788-2,CUST-00788,0.5007177181748959,-1.4255546594261281,6.7424359380401,-0.3805888178540431,0.11408843406081225,True
CTR-00788-3,CUST-00788,0.33265328010222167,0.717244382874912,1.0,-1.8277822411926885,0.6292458063459069,False
CTR-00789-1,CUST-00789,0.2269303597112708,-0.2010923447576225,0.0,1.3138302299249667,0.8048580109196033,True
CTR-00789-2,CUST-00789,1.3363310232098868,0.7095125039172706,0.0,-0.28975895814281155,0.8731099826080294,True
CTR-00790-1,CUST-00790,-0.3607364033439312,-1.3000641271917703,8.0,-0.45703801324570015,0.1594676714098294,False
CTR-00790-2,CUST-00790,0.26140147511500716,-1.4429747624482183,4.399975552919409,0.9109158120605088,0.31618639050986214,False
CTR-00791-1,CUST-00791,-0.08003432740754164,-0.6083159169325394,0.0,0.7611651440435072,0.5220551649941763,True
CTR-00792-1,CUST-00792,0.025530070458681067,-0.6115802693278907,1.4683941384373604,0.8112691951095401,0.39112299626709124,False
CTR-00793-1,CUST-00793,1.332126108764173,0.8290885934264047,0.0,-0.2329220041420646,0.9417602773643585,True
CTR-00793-2,CUST-00793,1.5707393722364007,1.780470511065361,0.0,-0.48665091391294735,0.0,False
CTR-00794-1,CUST-00794,1.0782173115072242,0.3284353924070848,0.0,0.058030307923512436,0.6665038014731954,True
CTR-00795-1,CUST-00795,-0.21562750635381434,-0.10383118169562294,1.674665926186377,-0.01269426759727943,0.5263461780060517,True
CTR-00796-1,CUST-00796,1.3201915141173808,0.0035290944208546393,1.1575298837334986,-0.2305273438505714,0.9141862004914822,True
CTR-00796-2,CUST-00796,0.957852724295117,-0.07041140470279694,1.486113638814262,-0.20200166494789867,0.8817901086057848,False
CTR-00797-1,CUST-00797,1.0303274164095562,-1.5631082762279946,0.8453983074632556,0.37963184698101504,0.6157302978742306,False
CTR-00797-2,CUST-00797,0.7816601168177839,0.3951990431345147,0.0,1.7601738850803306,0.928719800899209,True
CTR-00797-3,CUST-00797,1.5716122295876576,-0.9108833715773563,0.5956116949613564,-0.5402630071432125,0.8470635661344567,True
CTR-00798-1,CUST-00798,0.19653910720022283,0.11235489830415857,0.0,-0.4980266812916111,0.4246694700850655,False
CTR-00799-1,CUST-00799,0.6001108684690011,0.29537954804173483,0.0,-0.579851601133598,0.833849502272858,True
CTR-00800-1,CUST-00800,0.42928648846123096,0.20198691209731032,3.158987321689845,-1.3993429651834906,0.2539034046916776,True
CTR-00801-1,CUST-00801,-0.7403183927453659,-0.7135394777980291,4.368186801089267,-0.8174608011232686,0.06209741691497658,False
CTR-00801-2,CUST-00801,-0.8845306843569156,-0.8982291900242614,8.0,0.45101248453242954,0.10831937264614294,False
CTR-00802-1,CUST-00802,1.2711408524223975,0.07664907442185698,0.0,0.35596199195380307,0.9083986318887534,True
CTR-00803-1,CUST-00803,-1.4212334505997262,0.4586919518866198,7.0,0.38276981011185884,0.08512948424295877,False
CTR-00803-2,CUST-00803,-1.2046796057021976,-0.4739384778622171,5.065960655980785,0.3762982012954303,0.10340282307135448,False
CTR-00804-1,CUST-00804,1.5584221875785025,1.524090994237679,0.0,-0.38456437737511484,0.9904171857960186,True
CTR-00805-1,CUST-00805,0.136332677661691,0.3043987903717212,3.1271261324593067,-1.4443329413394788,0.4008214457689648,False
CTR-00806-1,CUST-00806,0.7402322671090159,0.23663992283949933,3.5133392933332988,-0.7624999111006657,0.477174308467779,True
CTR-00807-1,CUST-00807,-0.7841846582808019,1.054639554468822,5.254356893315095,-0.36606800132188355,0.37005920493881495,False
CTR-00807-2,CUST-00807,0.6540005902435693,2.2751377071976466,0.0,-1.2353828203007842,0.9521753225022849,True
CTR-00808-1,CUST-00808,0.20267209890061233,-0.7295627154966732,6.699489762712519,-0.6852797068900858,0.2940286179618698,True
CTR-00809-1,CUST-00809,-0.4445947690624205,-0.5912742511228861,1.6162502574970836,-0.24020358057022945,0.08816039294390429,False
CTR-00810-1,CUST-00810,0.6566360556793711,1.1238956787185477,0.0,-1.6022307215811078,0.8500719835543177,True
CTR-00811-1,CUST-00811,-0.08512307078057363,2.321450558211157,0.0,0.5213119744744632,0.9157560155452235,True
CTR-00811-2,CUST-00811,-0.6338529152831007,1.443343430982215,0.0,-0.8425853826785918,0.7337342345644706,True
CTR-00812-1,CUST-00812,-0.33887625295621626,-1.56407209982067,8.650856269151557,0.37915887108328206,0.0,True
CTR-00813-1,CUST-00813,0.9662573070565971,-1.0620544092966402,2.290449814938997,2.286165663072037,0.8176549211108405,True
CTR-00814-1,CUST-00814,1.0079843698246016,0.5294523697456226,0.5552431646026488,-0.20983710506146272,0.6905753055009626,True
CTR-00815-1,CUST-00815,-1.1197192113585108,0.7616363086191946,1.0,-0.8498287211690798,0.3264250702293783,False
CTR-00816-1,CUST-00816,0.099535587695956,-0.32039159558942915,0.0,-0.10246444672575011,0.3734990441214037,False
CTR-00817-1,CUST-00817,-2.3238475272796144,0.32841699406517144,6.720311466738301,-0.26355646948718625,0.10356877756411344,False
CTR-00818-1,CUST-00818,0.14281003077699217,-0.1658677745351922,1.9266967783638091,0.4389003283992722,0.7388275805844213,False
CTR-00819-1,CUST-00819,1.2457032771784367,0.48256861921853833,0.0,-0.02643875233224291,0.9145656288369316,True
CTR-00820-1,CUST-00820,-0.2999688318300837,-0.15435139458190883,0.0,-0.17954482102386282,0.27129459894391,True
CTR-00821-1,CUST-00821,-1.6199111612272912,-0.2468818229739944,1.5109288146477526,-0.21535666432126488,0.0563249129135074,False
CTR-00822-1,CUST-00822,-0.3377312586453767,0.39836263567822383,0.0,0.30351710393312686,0.35248614955312657,True
CTR-00822-2,CUST-00822,-0.19081771208688011,0.6390092839456466,0.0,-0.9109194050020961,0.5199138820505659,True
CTR-00823-1,CUST-00823,-1.032199232519392,-0.3632804841267579,0.0,0.9640984760495889,0.21945058018831082,False
CTR-00824-1,CUST-00824,-0.4958590014690717,0.5364773959303424,3.6496572863969785,-1.1179330349277192,0.22710688976667778,False
CTR-00825-1,CUST-00825,-1.706837784269983,-0.9522523830427851,4.536004183810297,0.34356296129483954,0.06269705148091291,False
CTR-00826-1,CUST-00826,-1.2681362705598267,-0.4442475429400763,0.0,-0.8336413573787533,0.11236463684036305,False
CTR-00827-1,CUST-00827,-0.3744760423684713,-1.5761584957513892,4.033815268921353,0.683674965301183,0.1554204839449615,True
CTR-00828-1,CUST-00828,-0.7961170609224767,-0.8986192692251556,4.484914703531025,0.5971844950613722,0.12899878834315345,False
CTR-00828-2,CUST-00828,-0.18378394954896113,-1.2830992345340084,5.097536669565259,0.899260659936241,0.15579742426731477,False
CTR-00829-1,CUST-00829,-0.7109162398195691,-0.4145594093716996,8.0,-0.49906604404997873,0.1676874210843295,True
CTR-00830-1,CUST-00830,-0.3473572641013042,-0.603336923097153,1.6040166589676157,0.44600898630275276,0.23322585469201645,True
CTR-00831-1,CUST-00831,-1.3286088529897802,-1.6298706489400185,4.727986996179407,0.4997694175994333,0.035717362323543486,False
CTR-00831-2,CUST-00831,-1.9864529424630488,-1.5596936127009664,8.0,-0.49170586893054347,0.008587125940382526,False
CTR-00832-1,CUST-00832,0.6436160630383314,0.677684871879194,1.0,0.02485775744564056,0.8701648887463278,True
CTR-00832-2,CUST-00832,0.6532250523028463,0.6945178400207463,4.346012549229144,0.3850567117170983,0.8123084307405718,True
CTR-00833-1,CUST-00833,0.5568099067506307,-0.6369201536764202,5.70701280173922,-0.962020264160571,0.26956263143955556,False
CTR-00833-2,CUST-00833,0.407535949691603,-0.1273043185519519,0.44828552749546746,0.5247879534926272,0.3098451425652712,False
CTR-00834-1,CUST-00834,0.6656097209086875,1.9801673041493846,2.0,-1.4948595568448018,0.931064662514234,True
CTR-00835-1,CUST-00835,-1.5171977971656347,-0.5830090474807058,8.0,0.03543707545749314,0.1106634888459763,False
CTR-00835-2,CUST-00835,-1.9718722393815113,-0.3257455808405711,6.374903592182074,0.9088063281195535,0.03253182797713704,False
CTR-00836-1,CUST-00836,-0.5303592092558068,-0.7243766215464825,0.643450162252196,0.14386023205506004,0.19702370022257837,False
CTR-00837-1,CUST-00837,-1.742762911837286,-1.155031878081585,9.0,0.11125965610039462,0.0,False
CTR-00838-1,CUST-00838,0.8945530004868214,-0.009484204586032184,1.4976962677684522,0.6575652219395023,0.7529351960480712,False
CTR-00839-1,CUST-00839,0.5767911501455134,-0.2198698707218989,1.6260897172937532,0.9737220261041293,0.8644053532228779,True
CTR-00840-1,CUST-00840,-0.7506939856154716,0.15017268810161438,3.3545613968131662,-0.4928328633785683,0.30532374515114663,False
CTR-00841-1,CUST-00841,-0.6257891214272407,-0.16777123077440298,0.0,0.20599695073448887,0.31942622821267974,False
CTR-00842-1,CUST-00842,1.2138054660410407,-1.7908528446875196,4.160785167030559,-1.023421489392499,0.32074607817535844,False
CTR-00843-1,CUST-00843,-0.6474402072580558,-0.3333887730242173,0.0,0.2740302615539667,0.317819771594801,True
CTR-00843-2,CUST-00843,-0.4736203901300305,0.36772014878619275,0.0,1.9403177297063208,0.48586388687485343,True
CTR-00844-1,CUST-00844,0.09776417422620606,0.556229103090675,0.0,0.052011482308876575,0.7073227909391455,True
CTR-00844-2,CUST-00844,0.2970779679977194,0.7253701822760044,0.0,-0.41495839071583096,0.6782933556785848,False
CTR-00845-1,CUST-00845,-0.6283963088192445,-0.3666311648947182,1.549945470595297,-0.5166564671099991,0.3697574789591346,True
CTR-00846-1,CUST-00846,0.5971619636173955,-0.1106647238542657,2.5853729860432226,0.08554666412160207,0.6184526626936087,False
CTR-00846-2,CUST-00846,1.0265138260355626,0.8952505449199663,0.0,0.6559857907390425,0.9509985228808825,True
CTR-00846-3,CUST-00846,1.7940237688758662,-0.7953004417668343,1.5837720486070705,-0.019037538089967332,0.6738612072195642,False
CTR-00847-1,CUST-00847,0.8143400666908639,-0.5520493155137356,4.374080684730129,1.1720054813031033,0.6806104681323227,True
CTR-00847-2,CUST-00847,-1.927823543417745,-0.35768972962935597,0.0,0.2608536589364596,0.06876914196542207,False
CTR-00848-1,CUST-00848,1.1225037204007338,-0.970493733721446,0.0,0.5316939801475078,0.8797411554335237,True
CTR-00849-1,CUST-00849,1.3944704638644778,0.27127545233499983,1.0,-1.769310046711525,0.825581861991181,True
CTR-00849-2,CUST-00849,0.521467427362778,-0.4421635718830612,1.5352263285560959,0.7678767772516216,0.8182341125947337,True
CTR-00849-3,CUST-00849,0.5344366397398559,0.2175781752832998,0.0,0.1700208351554632,0.7770822495328173,True
CTR-00850-1,CUST-00850,0.3577516804296941,0.42931252266320447,0.24661767942615986,-0.03629238100545362,0.6927263859746898,False
CTR-00851-1,CUST-00851,-0.2254358588408587,-0.608271532270603,4.791214478817959,-0.1435016682345792,0.30529841182669576,False
CTR-00852-1,CUST-00852,1.4661670805262967,-0.2001854571654159,0.0,1.0133151103518323,0.9077476238687578,True
CTR-00853-1,CUST-00853,-0.8051299112613002,-1.6272809608567564,0.8999999999999999,0.7691075031097311,0.12577861151871525,False
CTR-00854-1,CUST-00854,0.6717088564045841,-2.8161389671174852,7.807763786695825,0.07703411049020092,0.15754941768716252,False
CTR-00854-2,CUST-00854,0.598285376592387,-1.3745402920514127,5.438341891866024,-0.15567984342924354,0.3135372908549954,True
CTR-00855-1,CUST-00855,-1.0553867053225265,1.0390693774157962,3.0,-0.4844968576337282,0.40541061253878946,True
CTR-00856-1,CUST-00856,0.8950344302840931,-1.7798308066712112,5.6866091894618584,0.8334273105095267,0.18806900782032518,False
CTR-00857-1,CUST-00857,0.976682361866134,1.8683836371413782,0.0,-0.6029468435650868,0.9690156261543655,True
CTR-00858-1,CUST-00858,0.22799025775363352,1.0731901802085249,0.0,0.9352032627233406,0.9288530189555552,True
CTR-00858-2,CUST-00858,-0.046987043088654146,0.8554735675272402,1.0,0.13486456431652713,0.8600639337570952,True
CTR-00858-3,CUST-00858,1.0810480547836516,0.46902198158210967,1.0,0.6990223356447521,0.9030214200159659,True
CTR-00859-1,CUST-00859,-0.948188750917976,-0.9980788213921067,5.4350918084793545,0.015308021378998116,0.08556243368275804,False
CTR-00859-2,CUST-00859,0.08152798686233687,-2.625448584471955,6.120765289543475,-0.21424387892550908,0.13073023989457044,False
CTR-00860-1,CUST-00860,-0.5139936680108628,1.0438180184185428,1.0,-1.1992343926098155,0.6129007434853723,True
CTR-00860-2,CUST-00860,0.517781746880221,1.822416261406169,3.3019912120367216,-0.6184984334309476,0.8043249588162902,False
CTR-00860-3,CUST-00860,0.49711392544881705,1.2297482211483932,0.0,1.8981763680663426,0.9365307079851446,True
CTR-00861-1,CUST-00861,0.5643989327344024,0.03003852575360022,0.0,0.05138989565767921,0.8412083853650212,True
CTR-00861-2,CUST-00861,0.2738688804352743,-0.4299724540260652,1.9262083124425797,1.1314266896066743,0.6718656646208412,True
CTR-00861-3,CUST-00861,0.5476968688820424,1.5442399155490516,0.0,0.07342151160489847,0.8712338572587639,True
CTR-00862-1,CUST-00862,1.6940876613197955,-0.06952279684718427,0.0,-0.13494931322700718,0.8152595506124437,True
CTR-00863-1,CUST-00863,1.0227284142756026,1.373813717698135,0.2940655118119918,-0.5355680267590884,0.9299595461608994,True
CTR-00863-2,CUST-00863,1.325430733527865,0.16838240297497653,0.4482282250509333,-0.46146387771018266,0.8980727647208481,True
CTR-00864-1,CUST-00864,0.7192515373125836,0.6329248921826767,2.0,0.13154124187565852,0.8561690220913604,False
CTR-00864-2,CUST-00864,0.9250863934215312,-0.6282264197825828,0.7861651057860515,-0.6437587743703366,0.5857055345554945,True
CTR-00865-1,CUST-00865,0.5945470698590241,-2.029503677806327,8.0,-1.7958609027747756,0.23966103824283952,True
CTR-00866-1,CUST-00866,0.5367490931595735,1.657594549271193,0.0,-0.2626710264348403,0.9050365937444698,True
CTR-00867-1,CUST-00867,-1.7619365730657819,-0.7960766528413521,9.0,-0.4442302596282134,0.0,False
CTR-00867-2,CUST-00867,-0.9524776614846246,-1.1633311820571812,3.771262406639985,0.33035647404605384,0.16478435966113736,False
CTR-00868-1,CUST-00868,-0.4090409239209892,-0.7027296160499263,3.0,-0.45998104747491736,0.20754679561643724,False
CTR-00868-2,CUST-00868,0.17765447132108936,0.11713170387735797,0.0,0.011435682798316749,0.6408947673149088,False
CTR-00868-3,CUST-00868,-0.6945500290840958,0.35110484157003674,1.0,0.605000463199407,0.47000011004938436,True
CTR-00869-1,CUST-00869,-0.6794275312081302,0.4026207539100939,2.4339836259716616,-1.8159794310385888,0.23140085432028454,False
CTR-00869-2,CUST-00869,0.26801129769799675,0.3266107482812951,3.1924101620436605,0.002175063785688991,0.7444564772542434,False
CTR-00869-3,CUST-00869,-1.0941376542098304,0.03888567081404337,1.5211582319486667,1.8826323002280738,0.3494460314955304,False
CTR-00870-1,CUST-00870,1.2197913750882226,0.42602636712304714,0.9722748961362604,0.640238684318082,0.8149092357270288,True
CTR-00870-2,CUST-00870,-1.5316105766099861,-1.1910363701417694,6.261419317911493,0.8926385326066267,0.030794085472173882,False
CTR-00870-3,CUST-00870,-0.52272136448388,-0.6538591486394479,0.0,0.8161148851686382,0.2280994072873504,False
CTR-00871-1,CUST-00871,-0.09078635949353675,0.12218139648742576,3.446506995600643,0.4477229394581934,0.4352754678733467,False
CTR-00872-1,CUST-00872,0.35527649663680455,2.276365757454503,0.0,-0.8891140205180008,0.8452436810791927,True
CTR-00873-1,CUST-00873,-0.1130586613023451,-0.6201821504220711,0.26878483738986436,0.8363541197392761,0.5260474880980536,True
CTR-00874-1,CUST-00874,-0.1648976385847354,0.02469167034389419,1.1108147682028262,-0.6072942472972205,0.36200981266447346,False
CTR-00875-1,CUST-00875,-0.3804864656166355,0.7037511411131545,0.29305183695509196,0.37135081283704774,0.5982148388946995,True
CTR-00876-1,CUST-00876,-2.3374591982786663,1.0912314158913246,0.0,0.5460108658101739,0.12062714177306008,False
CTR-00877-1,CUST-00877,0.20603783120787894,0.6838331906311419,0.0,-0.20172013824543306,0.6741903409855107,True
CTR-00878-1,CUST-00878,-1.8502647064356454,-0.12462625808414049,4.4145692863868815,-0.1539505151280402,0.08054986619140525,False
CTR-00878-2,CUST-00878,-0.5268892958252466,-0.4466338213890402,0.4610302585751199,0.4624566595352259,0.2865124278144889,False
CTR-00878-3,CUST-00878,-0.373386099304286,-1.4251195727441743,4.0,0.20371071877645847,0.05058794842254794,False
CTR-00879-1,CUST-00879,-1.6092389945914796,1.6917058396283933,3.0,-0.14640848002399687,0.3209596667168333,False
CTR-00880-1,CUST-00880,-0.06109367208979777,0.24379231893517084,0.0,-1.0065848254083147,0.258554859816565,False
CTR-00881-1,CUST-00881,-0.8610229151401567,-0.9543162937807181,0.5636726586970096,0.7748568940805165,0.4289553788962739,False
CTR-00881-2,CUST-00881,-0.10316885171665208,-0.10780290307632943,1.5789228171943739,-0.7302510475609325,0.4611793871745848,False
CTR-00881-3,CUST-00881,-0.8080366387163059,-0.9686515438235217,0.0,-1.2233913020814637,0.19315903975816276,False
CTR-00882-1,CUST-00882,-0.33566432532718504,0.3459130413832115,0.0,0.35972497974623213,0.35873908456618,True
CTR-00883-1,CUST-00883,0.7531551694426524,-1.3568823371282155,0.0,0.5480305920486149,0.48971984354839165,False
CTR-00884-1,CUST-00884,-1.3958959856324689,-1.231991220854162,5.456188635360099,-1.6563530144805116,0.028717922071137138,False
CTR-00884-2,CUST-00884,-1.4745390571895505,-0.9922114173113818,8.0,-0.5763172510056004,0.06507845411480592,False
CTR-00885-1,CUST-00885,0.3039737478233275,-1.1405689237587215,5.167972085278613,-0.4551491922567491,0.2062981470846248,False
CTR-00886-1,CUST-00886,0.13255114144619684,1.7548310905166176,0.0,-0.007853701541156416,0.8896216717244003,True
CTR-00887-1,CUST-00887,-0.46728870172555104,0.10961428061994227,0.0,-0.5109595774023871,0.542345879108872,True
CTR-00887-2,CUST-00887,0.6123873907881987,0.08379327706705963,0.0,-0.0719986306662292,0.5911507859065187,False
CTR-00888-1,CUST-00888,0.6037847227483977,-1.5818002292196527,8.9,0.4789028616953449,0.0,False
CTR-00889-1,CUST-00889,-0.826865750072155,-1.7057078136161992,4.346373425889061,-0.532699804875746,0.08067087888447166,False
CTR-00889-2,CUST-00889,-0.045435964472955837,-2.7586026598361872,8.0,0.7559705033225494,0.08642143565925965,False
CTR-00890-1,CUST-00890,-0.7148472608784621,-1.6988366637484027,7.314086274030815,0.8152749384337787,0.06540741841971655,False
CTR-00891-1,CUST-00891,-0.27133907386707495,0.005100274147905315,1.2273945421270545,-0.31073671202438236,0.4842830983727436,False
CTR-00892-1,CUST-00892,-0.8280646927764106,1.2309712374324309,0.0,0.7547474093471065,0.6776619646693576,True
CTR-00892-2,CUST-00892,-0.6710916197857926,1.3286394615516117,1.0,0.9620555583911662,0.724113798307449,True
CTR-00892-3,CUST-00892,0.6304456671477471,1.3087725126137415,2.479263765565124,-0.39495941416541386,0.798016760064872,True
CTR-00893-1,CUST-00893,-0.6142239940746419,0.21801179669244236,0.0,1.605212395259393,0.7561289180077141,True
CTR-00893-2,CUST-00893,-1.5575503590183306,-1.4545857506973674,8.0,-0.533634743386721,0.017698892599429993,False
CTR-00894-1,CUST-00894,-0.5408508479050554,0.9219855114525375,0.0,-1.3532865772830243,0.4626801225671997,True
CTR-00894-2,CUST-00894,-0.4604538385640641,0.9914838139827831,3.0,-0.8565378037910805,0.4351772369207569,True
CTR-00894-3,CUST-00894,-1.0166834899767665,0.62569410894686,0.2852398009270921,0.6784597342918193,0.5011349098598344,True
CTR-00895-1,CUST-00895,-0.2812913745137261,0.12414456647519556,3.0,-1.13713097956342,0.30614322402037963,True
CTR-00896-1,CUST-00896,0.6425673058694463,0.5591720414141167,2.0,-1.7527787079850374,0.6358282486534563,True
CTR-00896-2,CUST-00896,1.9131669237759539,1.5441367164036033,1.197241039182622,-0.5100150533347816,0.9821623869328884,True
CTR-00897-1,CUST-00897,1.3667351289660483,-0.590415227659416,0.0,-0.2834006314243565,0.920079984471981,True
CTR-00898-1,CUST-00898,-0.9661726662346393,0.7770797058565071,8.0,0.6835003842931973,0.29567252772774694,False
CTR-00899-1,CUST-00899,0.7143196491388208,1.4939724927358005,0.0,-0.385415906820734,0.8775209404295475,True
CTR-00899-2,CUST-00899,1.8274540791357907,0.10415503424320643,0.0,1.1144557356472178,0.9797685968494285,True
CTR-00900-1,CUST-00900,0.2727575192494244,0.7283083802937549,0.0,-0.006551066997201104,0.6298308729975552,False
CTR-00901-1,CUST-00901,-1.1105008507888963,-0.5414049693414439,2.061418799721295,-1.0078007262426423,0.04704390401413202,False
CTR-00901-2,CUST-00901,-0.13065309324643232,-0.463340188602031,2.0,-1.2484157118965238,0.27331340587219355,False
CTR-00902-1,CUST-00902,1.3370190868646392,0.7630816391631751,0.0,0.08897918147083272,0.9151508101707815,True
CTR-00903-1,CUST-00903,-0.43586684213169324,-0.06590756664695174,0.5928531038544793,-0.2660464875243129,0.2021497697969657,False
CTR-00904-1,CUST-00904,-1.9152220827911852,-0.7272687439523062,5.3696838692725954,0.12797817914265952,0.08386242254886014,False
CTR-00905-1,CUST-00905,1.0521846685614238,1.5920034763014428,0.0,1.021993711371745,0.9470239284492695,False
CTR-00906-1,CUST-00906,0.2676411114478287,-0.18396684887056916,0.3841400498033024,-0.9604808069984698,0.38666985081369504,True
CTR-00907-1,CUST-00907,-1.4318625664501412,0.8627107081229834,0.0,0.3919437500908891,0.1467730567507145,False
CTR-00908-1,CUST-00908,0.9969515934756513,-1.3120686815085028,0.5184189963305657,-0.11106215173862533,0.3535271754129291,True
CTR-00909-1,CUST-00909,0.01859987317085432,-1.958472339583715,3.1880019623442974,-0.5620984953561956,0.07828252794027456,True
CTR-00910-1,CUST-00910,0.6047998142359742,-1.872639228884162,3.6164139058727374,0.11352060754477611,0.19427120451169083,False
CTR-00910-2,CUST-00910,-1.1363733794303823,0.23386919530188288,8.0,-0.3189617970856282,0.17386332517609177,False
CTR-00910-3,CUST-00910,0.798828699435475,0.13326699445307566,0.0,0.0011946208846940753,0.8310402693406633,True
CTR-00911-1,CUST-00911,1.1608294235722252,-0.6874465594097608,0.6972826371268926,1.0633758439906793,0.841568939098472,True
CTR-00912-1,CUST-00912,0.3004865089695543,0.09894597967050978,1.161494141108492,-0.2921564087149551,0.384029869058881,False
CTR-00913-1,CUST-00913,0.4079195384780831,1.0386400942020213,0.0,1.103085193204605,0.9375394293143495,True
CTR-00914-1,CUST-00914,1.2559159806194264,-2.4598699815812894,8.0,-0.5015673726943848,0.30113229599076774,False
CTR-00915-1,CUST-00915,0.6503389657976961,-0.5391309573390266,0.6140133554995897,-0.7542870394878254,0.4010271444113211,True
CTR-00916-1,CUST-00916,0.42829859996057323,0.24343385509054394,0.0,-0.9275075375903912,0.6353526771944895,True
CTR-00917-1,CUST-00917,0.05432552021835002,-0.8543653421634294,8.204918655279542,-1.5037264211790613,0.0,False
CTR-00918-1,CUST-00918,-0.8302836875126944,-0.10155968141553634,1.0110218009999108,-0.5133093545169402,0.30406772684183425,False
CTR-00919-1,CUST-00919,-0.5623257185601065,0.2202658899642569,8.0,-0.2316890081548349,0.11830395324014498,False
CTR-00920-1,CUST-00920,-0.9867105871951363,2.1461722632986575,3.0,0.1428995554819753,0.4207578794188997,True
CTR-00921-1,CUST-00921,0.07473709836756837,-1.945508196455771,3.1339778478230507,-0.5002425381110454,0.16426591243012828,False
CTR-00922-1,CUST-00922,0.5571431848486893,0.5807714632905304,0.0,1.3241221017551505,0.8800102514123149,True
CTR-00923-1,CUST-00923,0.19468645123498174,-0.7805868571938541,0.0,1.161619045240167,0.34928583546159847,True
CTR-00924-1,CUST-00924,-0.09214045029011941,-0.07019588404004445,0.33097325785749143,-0.6422554131796242,0.35512954245198597,True
CTR-00924-2,CUST-00924,-0.07359634264201831,-0.8708948277862899,5.114344501737037,-0.23221928689397553,0.1672685195188776,False
CTR-00924-3,CUST-00924,0.562698617765231,-1.4797285554822677,6.697094388356713,0.8143844457680363,0.16641246251654981,False
CTR-00925-1,CUST-00925,0.8735405210461225,-0.30720287347241326,0.5288420160542882,-0.2138997402823525,0.5306812242727414,True
CTR-00925-2,CUST-00925,-0.1366432517663516,0.6348589994433337,0.0,0.80602846828988,0.6460135087946559,True
CTR-00926-1,CUST-00926,1.3378886514706405,0.998919060946375,0.0,-0.05982968943640732,0.7973902622723887,True
CTR-00927-1,CUST-00927,0.30044847239364375,0.278153954556283,4.938369981350952,-1.0864555144370374,0.6363171799096136,True
CTR-00927-2,CUST-00927,0.25001300200393,1.678646534736417,0.0,-0.803263222683797,0.813626225706885,True
CTR-00928-1,CUST-00928,0.453456898256423,-0.4733556414267758,0.0,0.7139550780089747,0.6097616716959888,True
CTR-00929-1,CUST-00929,1.9182702955320325,0.7258878718264942,0.0,0.27685748731047655,0.9648629108736608,True
CTR-00930-1,CUST-00930,-0.253401370056649,-1.1094101620267869,0.0,0.5450422190120247,0.3837761104938288,False
CTR-00930-2,CUST-00930,0.06306457691381034,-1.3749158746102905,8.0,-0.2612225943149835,0.10709022449464006,False
CTR-00931-1,CUST-00931,-0.8895103415626933,-1.387884862584777,1.0,0.11284393450770035,0.06998806504498745,False
CTR-00932-1,CUST-00932,0.12044493310290627,1.2620190995322904,0.0,0.6083268269924076,0.8999906721043461,True
CTR-00933-1,CUST-00933,-0.6475602180938749,-0.7874485794539445,0.0,-0.0476782236327743,0.2231666584271343,False
CTR-00934-1,CUST-00934,-0.8861771933906145,0.32985844847632095,2.2260652358022366,0.5035755500878862,0.5519225137261636,False
CTR-00934-2,CUST-00934,-1.2708349541961859,0.3430985760720874,5.443438089637319,-0.44501722540769095,0.22091932013274398,False
CTR-00935-1,CUST-00935,0.13703026630153825,-0.944168053477825,3.5536105645668856,-0.1854222655757215,0.3575899581901494,True
CTR-00936-1,CUST-00936,-0.18009214314947786,-0.5829444644446691,4.730819555113564,0.05305820238282011,0.3778246752816039,False
CTR-00937-1,CUST-00937,0.4687685430215208,-0.01412292015647676,4.0,-0.5886100820587183,0.6984335659339378,True
CTR-00938-1,CUST-00938,0.8163017920202567,0.6676081503422832,0.39031588139504025,0.8997245259765826,0.8432496902456424,True
CTR-00939-1,CUST-00939,0.9840150898486296,0.9158098999101512,0.541608433188505,0.3968528757429275,0.9453696175382398,True
CTR-00940-1,CUST-00940,0.4017814824614609,-1.668247263283738,0.0,0.10189203311776984,0.3105230724532979,True
CTR-00940-2,CUST-00940,0.3272091238360703,-1.1065787344352525,4.24998176181099,1.0565094453225112,0.36819836488384156,False
CTR-00941-1,CUST-00941,0.31742020856214653,2.7638441888023157,0.0,1.3291450962845157,0.9868236283779558,True
CTR-00941-2,CUST-00941,0.8809052113369924,-0.004738921691578302,1.8268137713579309,-0.4716239950336651,0.7344112060419802,True
CTR-00942-1,CUST-00942,0.9196132748061879,0.6494020672178196,0.0,-0.40287517512378873,0.7701895576996273,False
CTR-00942-2,CUST-00942,-0.46409140347603894,-0.10496691271330177,1.302882831746117,0.47801528777894836,0.28140208110000503,True
CTR-00943-1,CUST-00943,-0.16045880596076617,-0.1592872569343512,0.0,0.03517610101993207,0.3692634822216747,True
CTR-00943-2,CUST-00943,0.18770242802157858,0.23910964432257115,0.0,0.3672078579468623,0.5742904346259255,True
CTR-00944-1,CUST-00944,-0.3779394365661955,2.073374207745826,2.0,0.026427068654491292,0.8885410011580566,True
CTR-00945-1,CUST-00945,0.8470016785511068,-1.0128462279077144,0.0,-0.030428207150155456,0.6839663311883294,True
CTR-00946-1,CUST-00946,1.8793852668812931,1.1228765095717925,0.0,-0.9503143629626628,0.9709972537945194,True
CTR-00947-1,CUST-00947,-1.0200640467439568,-0.1334534014610011,1.0,0.1859296777340788,0.26963671334172173,True
CTR-00948-1,CUST-00948,-0.39781189627358815,1.1395921797097792,1.0,0.47698485169298643,0.8815266781567436,True
CTR-00949-1,CUST-00949,-1.2341603520991116,1.430731993383311,3.151912870212079,-1.3167587288488432,0.23133392704386724,False
CTR-00950-1,CUST-00950,0.2214385503349433,-1.7036626656095948,2.7451707626957087,-0.8315523471628535,0.17091423720120014,True
CTR-00950-2,CUST-00950,0.2214326940850142,-0.9037533748050575,0.0,-0.629214176952273,0.1661445979028564,True
CTR-00951-1,CUST-00951,-0.35618082927811145,-1.5477108349549082,5.9,0.01848267704953299,0.11279236253151015,False
CTR-00952-1,CUST-00952,-0.28953293501514427,-0.7773876123159992,4.206401480688065,0.3261211728291825,0.19561111280990123,False
CTR-00952-2,CUST-00952,-0.7621629151995999,-0.6260365829523608,2.0,-0.05501815100119695,0.11925875880858787,False
CTR-00953-1,CUST-00953,-2.0570425293177084,-0.8618634112173621,2.0,0.7434534486121318,0.030005661282460256,False
CTR-00954-1,CUST-00954,-0.31301806185471914,1.703986596656903,0.0,-0.35010143792698556,0.83603384816351,True
CTR-00955-1,CUST-00955,-2.0430591294409965,-0.571039779916807,2.0,-0.8692923823406739,0.09216445778152406,False
CTR-00955-2,CUST-00955,-2.324923083465178,-0.09530169002800169,1.0,0.9078696360705613,0.07090098315385936,False
CTR-00956-1,CUST-00956,0.5137803107882208,0.07733607172719514,5.391433895429647,0.35947079258053594,0.7406925422732037,True
CTR-00957-1,CUST-00957,-0.12406338101438275,2.0329219131717764,1.0,-1.1734888328889599,0.8559595593464051,True
CTR-00957-2,CUST-00957,0.7021953973491069,1.3408224624086467,0.0,1.1643544133646841,0.9156421339114187,True
CTR-00958-1,CUST-00958,1.0540267177931828,0.08996114036438757,0.0,0.009937904275501008,0.824099699507577,True
CTR-00959-1,CUST-00959,0.4683590912395229,0.302674632409871,1.0,-0.09485902530400178,0.7568391083202716,True
CTR-00960-1,CUST-00960,1.2694854804683329,-0.7269097197911594,1.6773315036651795,0.10993424540846741,0.7164673800628294,True
CTR-00961-1,CUST-00961,-0.7220715777772051,-1.8909885040748904,3.2000838804517797,1.265852278816808,0.050337186947195196,False
CTR-00962-1,CUST-00962,2.2161261713212355,0.25206393021505785,0.0,0.7397536866033745,0.9892272856854064,True
CTR-00962-2,CUST-00962,1.9344626309195405,-0.448218868417333,0.41324372705798584,0.6223458404805985,0.9379708028769252,True
CTR-00962-3,CUST-00962,0.1686713411291123,-0.8666740288333403,1.710266130372353,-0.25654938056165255,0.33559581330189137,False
CTR-00963-1,CUST-00963,1.7996288645653844,-0.21840566307103468,0.0,0.24402590803117194,0.8707986366859216,True
CTR-00963-2,CUST-00963,1.1721128287007958,0.49970560562200605,0.0,-0.10382692180624667,0.9555472384281641,True
CTR-00964-1,CUST-00964,-0.8050783803955835,-0.7284032114526756,0.0,0.5641681335997654,0.6082633958700855,True
CTR-00965-1,CUST-00965,1.201820218212056,-1.1229231241725726,0.7174806840287749,-0.6089313305734569,0.5726057516122812,True
CTR-00966-1,CUST-00966,1.055428648753977,0.5624791082203239,1.2532529991916983,-0.023296370933133748,0.942737965691068,True
CTR-00966-2,CUST-00966,1.3276750457771163,0.9886315828350968,0.0,0.0017551649256764001,0.9646254412701826,True
CTR-00967-1,CUST-00967,0.10064171445663272,0.7735307620101646,0.6727150228364772,-0.07006898038459652,0.7284121294236381,True
CTR-00967-2,CUST-00967,-1.0255936620354777,2.039566245962957,0.0,0.674096308989739,0.8333569741130875,True
CTR-00968-1,CUST-00968,-0.8659809600332492,0.9551619419294559,0.0,0.47451832039164943,0.5776877163388646,True
CTR-00968-2,CUST-00968,-1.7204205028917137,0.8273428075710068,2.0,-0.7209985897037499,0.10622752305393302,False
CTR-00969-1,CUST-00969,-1.225582160350446,-1.2200442899477535,9.0,0.8079054166142485,0.0,False
CTR-00969-2,CUST-00969,-1.1176128679380688,-1.3858385087267449,1.0,0.48800174355124437,0.0802569276807422,False
CTR-00970-1,CUST-00970,-0.775592842336007,0.13952616445351176,9.0,0.5058334881209091,0.0,False
CTR-00971-1,CUST-00971,0.20605612493185277,-0.6258346952477176,1.0919595154627117,-0.7563815377037559,0.5418723905688351,True
CTR-00972-1,CUST-00972,-0.7086332810259285,-0.0650041120646416,1.0,-0.1117981887872295,0.3433793561887381,False
CTR-00972-2,CUST-00972,-0.4140511430095127,-0.12649018750218255,8.45957304331938,-0.7499650176091435,0.0,False
CTR-00972-3,CUST-00972,0.3358153784133331,0.8739173695220325,0.13088732388444901,-0.04354999668260226,0.9190165076564805,False
CTR-00973-1,CUST-00973,1.107507423989777,-0.999495853240099,2.761843990196221,1.1649319834592926,0.7310843127122886,True
CTR-00974-1,CUST-00974,0.225096477932546,1.7108771831598257,0.0,1.3695154792263997,0.8011326163845589,True
CTR-00975-1,CUST-00975,2.8688707204221116,0.7808840149116139,0.41394291460176036,-0.6775209029160717,0.9867858247167794,True
CTR-00976-1,CUST-00976,-0.6806407148720242,-0.3628359892056569,7.255387609159525,0.5812816608875351,0.22480424569169494,False
CTR-00976-2,CUST-00976,-2.660455801094445,-0.5069399315404425,5.348026402301131,0.7337631373361237,0.022543855693199912,False
CTR-00976-3,CUST-00976,-0.6141456879209015,-1.7789865550725674,6.0,0.41076122638210244,0.1389772433222242,False
CTR-00977-1,CUST-00977,1.3313875112053384,0.10812714224201575,0.0,-0.0835353072729374,0.8983869292915762,True
CTR-00978-1,CUST-00978,0.609141110167109,1.3120313328465596,0.0,0.17193435863706674,0.9435817133604564,True
CTR-00978-2,CUST-00978,0.3391402952468907,1.297467046789928,0.0,0.32273092933356295,0.9133245593049631,False
CTR-00979-1,CUST-00979,0.9900210219848342,-2.1228618483480046,8.0,-1.4748787623158277,0.11803285371059495,False
CTR-00980-1,CUST-00980,0.7762608116575509,1.0837794920563684,0.0,-0.007958648138232882,0.902054674631692,True
CTR-00981-1,CUST-00981,0.46104486196305206,-1.224555304981876,7.4193258953243575,-0.1567835136418796,0.11413658736712397,False
CTR-00982-1,CUST-00982,0.5309355710492776,0.2646362310001462,0.2836332664082356,0.14753105897047958,0.5878325371285764,True
CTR-00983-1,CUST-00983,0.7937316109062323,1.348088962455974,0.0,0.7249785513962433,0.9273151075754684,True
CTR-00983-2,CUST-00983,0.9565948181399418,-0.26340692155406076,0.0,-0.052297568415970774,0.8743117259659305,True
CTR-00983-3,CUST-00983,1.7250049235616158,0.39439935586017383,0.0,-0.6010456396196163,0.9870887285661057,True
CTR-00984-1,CUST-00984,0.3882902612189998,-0.187920164630223,1.0138572462667912,-0.7520818574509157,0.4229058702547588,True
CTR-00985-1,CUST-00985,-1.4141914220618539,-0.19147534464488503,3.0,-0.3770303013319441,0.16223856807412235,False
CTR-00985-2,CUST-00985,-1.5827776515148202,-0.07777845811082462,3.0,0.38984224597677,0.10210932541437506,True
CTR-00985-3,CUST-00985,-1.0713174762822837,-1.184967982752623,0.0,1.0355841521278084,0.18772729799949353,False
CTR-00986-1,CUST-00986,1.579666749036917,-0.5254047416848676,0.0,-1.1439821095558351,0.7482494474112531,True
CTR-00987-1,CUST-00987,-1.1179331751047925,-1.752550103360432,2.3946891715052954,-0.8399582059580605,0.08073722230844743,False
CTR-00988-1,CUST-00988,-0.7772717513791909,-0.664594496642482,0.4704200846391914,0.14823801089762986,0.29646844206922895,False
CTR-00988-2,CUST-00988,-0.8417567083806821,-1.3600202550689215,8.698107801856532,0.1849136124802566,0.0,False
CTR-00988-3,CUST-00988,-0.9157725510443352,-0.8244031540496064,1.2706995159255063,0.5442314125681635,0.08508874963974974,False
CTR-00989-1,CUST-00989,1.465962354435968,3.263720620560485,1.0,-0.7137307953306916,0.9935691652413685,True
CTR-00990-1,CUST-00990,-0.6546322380054751,1.3932621061978976,1.0,0.5750741230860784,0.6573456815825764,True
CTR-00991-1,CUST-00991,-0.8906786049294344,-1.2331661025526368,0.0,0.3577940421080865,0.13293399462280067,False
CTR-00992-1,CUST-00992,0.3269066871748322,0.9909808779012063,2.0,-0.7577714651839175,0.7067505441266427,True
CTR-00993-1,CUST-00993,-0.33621507637533155,1.674378203765837,0.0,-0.28784269056341666,0.6219824192522784,False
CTR-00994-1,CUST-00994,2.6584989506287493,0.9517872172621051,0.0,0.9692478920922314,0.9859497454697538,True
CTR-00994-2,CUST-00994,1.8609833126477882,-0.24799242154112133,1.0375175063330941,0.820776838645404,0.9005992143740146,False
CTR-00995-1,CUST-00995,-0.15603118934207283,-0.8053100541404512,8.0,-1.433200836992874,0.08694826346708806,False
CTR-00996-1,CUST-00996,1.0115661519247086,-1.2061175961127422,3.3620165724489515,0.17110449559851953,0.6000796258960045,False
CTR-00997-1,CUST-00997,-0.4104249834299529,0.26957444194351365,1.2928148564173698,-0.2640085196417483,0.36036713091372785,True
CTR-00997-2,CUST-00997,-0.4934970809479877,-0.5198728601441058,0.0,0.8743635542107342,0.3894654473127764,False
CTR-00998-1,CUST-00998,0.1833661058900528,0.03557030088491547,0.0,-0.7163016330562566,0.5820266335441734,True
CTR-00999-1,CUST-00999,0.31881149074524223,-0.1119099283439757,0.0,0.1250396652339818,0.7774928139994631,True
CTR-00999-2,CUST-00999,-2.3484604182736937,0.20600280688536865,8.64146696314383,-0.09599163362002613,0.0,True
CTR-01000-1,CUST-01000,-0.7254328225614048,0.3813893626415619,3.364374680815832,0.28446238707259497,0.3209836571168821,False
CTR-01000-2,CUST-01000,-0.5641095975373109,0.49547741938145873,0.0,1.188918273343568,0.4786843139576439,True
CTR-01000-3,CUST-01000,-1.2051740836613782,-0.08646395478275559,2.294470499864734,-0.9719956368496518,0.0885637822019453,False
CTR-01001-1,CUST-01001,1.5157999686639805,-0.422335242691521,0.0,0.7019872683749654,0.9425780623639174,True
CTR-01001-2,CUST-01001,0.9535237731632507,0.2965104776740686,1.0,-1.4787595615366262,0.8358921429305445,True
CTR-01002-1,CUST-01002,0.3777885820560707,1.889152096338354,1.0,0.8689361620353985,0.9313219765110404,True
CTR-01002-2,CUST-01002,1.1329284426071768,1.7676626858258864,0.1435345203844126,0.6125222795733782,0.982997960240504,True
CTR-01003-1,CUST-01003,1.4128437479084472,0.8094708003068083,0.0,-0.13623409233609923,0.967631225037696,True
CTR-01003-2,CUST-01003,1.377393397334221,0.07791223044213264,1.0,-0.28371106280497205,0.9047662776749176,True
CTR-01004-1,CUST-01004,0.7022711288975462,0.10166542537546679,1.0157411230540592,0.38878152259403753,0.6338916481503575,False
CTR-01004-2,CUST-01004,0.9100020964108863,-0.3623424232095235,0.5890458422047715,1.2861735543313644,0.7310723137559577,True
CTR-01005-1,CUST-01005,-1.332898596800367,0.997686430416917,1.0,-0.38818322932278054,0.4363530232482897,True
CTR-01005-2,CUST-01005,-0.5139875502390033,0.41824472466947904,0.22743404124085065,-0.05289219565234049,0.6456589622577753,False
CTR-01005-3,CUST-01005,-1.551963462255689,0.6125256620870367,0.0,-0.027091696797036997,0.4867568100709506,False
CTR-01006-1,CUST-01006,-2.2231510127774254,0.16993767102626356,7.0,-0.1518043758833386,0.02700427471891592,False
CTR-01006-2,CUST-01006,-1.8925231165918845,-0.5924410746160855,8.016964014301637,-1.5228869409238122,0.0,False
CTR-01007-1,CUST-01007,-0.00019952086559857363,0.2011223274460527,0.34757487193989745,1.0565095686742807,0.7005956987506397,True
CTR-01008-1,CUST-01008,-1.5576217125794032,-0.4768351006025072,2.3361907120155276,-1.69969277557299,0.03120824147029176,False
CTR-01009-1,CUST-01009,-0.18995662073483377,0.461883693145863,0.0,1.0303437533463156,0.7563375537807182,True
CTR-01010-1,CUST-01010,-1.56114529341836,0.04147033146648971,8.0,-0.09105357118355994,0.027838574558595855,False
CTR-01010-2,CUST-01010,-0.8026160278443406,2.0663743410720894,0.0,0.03021510260999183,0.6681975836645303,False
CTR-01011-1,CUST-01011,0.32047576717595594,0.5022932031552567,0.0,-0.3737386349253241,0.6669221164085982,True
CTR-01011-2,CUST-01011,0.11412132280762732,0.028952866158562185,0.0,1.3228686022998692,0.8189441247856394,True
CTR-01011-3,CUST-01011,-1.0629134561459348,-0.8886025077259134,6.326302549871064,-0.4813126815757386,0.04427398669604503,False
CTR-01012-1,CUST-01012,1.38042633778244,0.12657237473554966,3.429744623919328,-1.0171542954252193,0.8103330383909052,False
CTR-01012-2,CUST-01012,1.3121902114646276,-0.017032694827417233,0.48329927643277926,-0.5125024305291562,0.4979110858858317,False
CTR-01013-1,CUST-01013,0.2943707273824957,0.4401523181374899,0.0,0.5395659562146018,0.6982882563085776,False
CTR-01014-1,CUST-01014,-0.7965862068797958,-1.047469200855943,0.0,-0.9408670102531129,0.12656610057639123,False
CTR-01014-2,CUST-01014,-0.6240768321243373,-1.067892539126261,2.9938290297173573,0.1916498890668375,0.09792963142426887,False
CTR-01015-1,CUST-01015,0.6225613606736933,-1.3927080122319961,2.9048638786405743,0.9209368115369101,0.6783284589915995,True
CTR-01015-2,CUST-01015,0.8754334663963634,-0.6817632804717828,0.0,0.010220677264226041,0.3877004955054096,True
CTR-01016-1,CUST-01016,-0.36991749945407415,0.7105917540944539,0.0,-1.0519542440496232,0.4041970330439296,False
CTR-01017-1,CUST-01017,-0.990744199705313,-1.3528654303366094,2.255897851589847,-0.23897228544569002,0.13173132819481984,False
CTR-01018-1,CUST-01018,1.2097065094226136,0.6726656067663017,0.0,-0.038153407626989794,0.9465594105014974,True
CTR-01019-1,CUST-01019,0.6323733451222014,0.9528293801581498,0.0,1.1684687097632571,0.9135718898481874,True
CTR-01020-1,CUST-01020,0.5409299292882063,-1.8126749977066605,7.653541931115526,-1.640479706101043,0.19168274962656787,False
CTR-01020-2,CUST-01020,2.16425254768196,-0.37321173759035675,0.0,-1.2449239823093499,0.9405089785665616,True
CTR-01020-3,CUST-01020,-0.3406225043938874,0.4682498728776433,0.0,-1.3289806537926703,0.4715111466098343,False
CTR-01021-1,CUST-01021,-0.6479066968473576,-1.7725889810728188,5.2651886610596605,-0.33892634389801546,0.052582797093475034,False
CTR-01021-2,CUST-01021,-0.6012577532626591,-1.3039353981762738,9.0,-0.2067720548177873,0.0,False
CTR-01022-1,CUST-01022,-0.6301906154285897,1.8097428443665142,0.0,-0.10323778779106307,0.7266516208065046,True
CTR-01023-1,CUST-01023,1.4851163087046568,0.9527691944785922,0.0,-0.20009162665005525,0.9135236069814109,True
CTR-01023-2,CUST-01023,0.03273533668312034,1.3483617133474017,0.0,1.8372318813623465,0.8431485658294536,False
CTR-01024-1,CUST-01024,-0.7649861588613174,-0.3955095630026071,8.0,-0.4748917042444654,0.28695429722821775,False
CTR-01025-1,CUST-01025,-2.1567825551246624,0.4046601715637421,2.0,-0.08855884309951392,0.0767872054919591,False
CTR-01025-2,CUST-01025,-0.21566214438101172,-0.5396409269584297,8.0,-0.9633245986179154,0.13698058386279008,False
CTR-01026-1,CUST-01026,0.2670853731639946,0.000387287302790825,0.10587167276968201,-0.2969187242085201,0.6175090669501078,False
CTR-01027-1,CUST-01027,-0.5619127280092819,-0.24356044294906964,0.0,1.524409323607486,0.4870105106558326,True
CTR-01027-2,CUST-01027,-0.6279151968075904,-0.8280891901108748,0.0,0.8427691209207382,0.252944372423487,True
CTR-01027-3,CUST-01027,-1.4410124460344855,-0.21663933413355457,5.116415036963328,0.12819643048311735,0.29035677332849613,True
CTR-01028-1,CUST-01028,0.9127330846204692,-0.5748642531459001,0.46498120055952796,0.2992807842624678,0.6524879655771593,True
CTR-01028-2,CUST-01028,0.6801393007429715,0.2847606231488168,0.0,-1.3356020310715817,0.5473559337743255,True
CTR-01028-3,CUST-01028,-0.38210487613795907,-0.3318534897473226,3.0,-0.39403777557896336,0.36671840654491233,False
CTR-01029-1,CUST-01029,-0.3257680585302867,-0.5179497067850498,1.648055103267954,-0.02176794714682434,0.2565788222456212,False
CTR-01030-1,CUST-01030,0.29177890285150654,0.3484049955867867,5.334738430959158,-1.2234790081449844,0.4667128883372793,True
CTR-01031-1,CUST-01031,-0.865440968501178,1.3792863397864075,0.0,2.233139032921438,0.7572123094465321,False
CTR-01032-1,CUST-01032,0.5134603423827506,0.3416303554042821,0.0,-0.2892749156771868,0.7816634749810157,True
CTR-01033-1,CUST-01033,-0.18911724223065737,-0.38997567500333474,2.046701234403254,0.3747670079338072,0.17634643295521435,False
CTR-01033-2,CUST-01033,0.0016087249611346222,-0.806544749660363,0.0,-0.35518030283713364,0.34326100678659144,True
CTR-01034-1,CUST-01034,0.8921125325306168,0.38707715768861845,0.0,0.5572343170175749,0.8667220845824062,True
CTR-01035-1,CUST-01035,0.408321542235477,0.2207155224245776,1.0,-0.09275400885525914,0.6492811220899649,False
CTR-01036-1,CUST-01036,1.0006654156424513,1.337433564211541,0.0,0.17593479356193287,0.8980982850289206,True
CTR-01037-1,CUST-01037,0.46214586156790516,0.9116935719019906,0.33959090007600434,-0.2501731892531375,0.7937465614589959,True
CTR-01038-1,CUST-01038,-1.0899894673654282,-1.5225976442536202,8.0,0.009757975878139535,0.07386098403000563,False
CTR-01038-2,CUST-01038,-0.9688500322352315,0.499436134940313,5.0,-1.3492619813594091,0.29338360396264096,False
CTR-01038-3,CUST-01038,-0.8520640381985423,0.2802345881804492,2.0,0.6329261698980164,0.3919336502973881,False
CTR-01039-1,CUST-01039,0.1777589183510525,-0.5757286183239633,1.0,-0.592200528277778,0.5783021646608552,True
CTR-01039-2,CUST-01039,0.1261038271144223,-1.5134825887219812,4.588889485385873,-0.40927845338861957,0.15190162189251802,False
CTR-01040-1,CUST-01040,-0.465435528863071,0.40715753968366464,6.0,-0.4747089384169312,0.14440714936807947,False
CTR-01040-2,CUST-01040,0.19298025461273305,0.16503154538684287,1.3245967638357863,-0.5314025655623452,0.8032271819837417,True
CTR-01040-3,CUST-01040,-0.4206458753844729,1.3342828133120976,0.0,0.1671178847219572,0.47824032056689064,False
CTR-01041-1,CUST-01041,-0.7707598308395046,-0.6260587157721561,0.7659220956375199,-0.1475525305880978,0.18138789420159235,False
CTR-01041-2,CUST-01041,0.19356589454471496,-1.4885712113622969,7.658642291195184,0.36838246069129366,0.2464219552555591,False
CTR-01042-1,CUST-01042,-2.1721356062524446,-0.47424119978339263,1.0,-0.058134165582704914,0.1162263653092483,False
CTR-01042-2,CUST-01042,-1.5625841054245275,-0.28203320290943157,8.0,-0.789477150371572,0.05314279816719382,False
CTR-01043-1,CUST-01043,-1.994963330503871,-0.5552726305336587,4.0,0.42668560129298316,0.041996502958840845,False
CTR-01044-1,CUST-01044,0.38473456833823755,-0.146449061041466,1.0,-1.1785715164779318,0.5092143289613652,True
CTR-01045-1,CUST-01045,0.42631345920366365,-0.6977268907332221,8.0,0.06107178872717011,0.2952704330441314,True
CTR-01045-2,CUST-01045,0.1338585319124691,-0.23882757519186504,0.0,0.8082294487244772,0.6537368955255236,False
CTR-01046-1,CUST-01046,-1.9348739062134728,-1.808756549298997,8.0,-0.12719787027987245,0.008137517806817353,False
CTR-01047-1,CUST-01047,-0.8733393607130374,0.677989272835196,0.0,0.12624807251534653,0.43667674942848034,True
CTR-01047-2,CUST-01047,0.2412214524766072,0.9400763547481426,0.2651569101209843,1.232578966942934,0.9155670622937645,True
CTR-01048-1,CUST-01048,-0.6519393438613633,-1.1350179867067218,3.8622781775745665,0.6364566136609785,0.24060865078283117,False
CTR-01048-2,CUST-01048,-0.5460990926117757,-0.4683104368170711,2.0,-0.013159899646289275,0.1275522163266203,True
CTR-01049-1,CUST-01049,0.834794820262014,0.7638395583173698,0.41311651583157216,-1.5574020248818814,0.8457831841625143,True
CTR-01049-2,CUST-01049,0.29119814001403976,1.1297783971250763,0.0,0.6440445013996406,0.8142696685572987,True
CTR-01050-1,CUST-01050,-0.8550499188325824,0.2918970982667528,3.136238715696252,-0.7227132072853139,0.30996092225418903,False
CTR-01050-2,CUST-01050,-0.32174369969805333,-0.004114641518460527,0.0,1.245757401214965,0.5079505195434466,True
CTR-01051-1,CUST-01051,-0.4940839296370175,0.9709438173660607,2.0,-0.30187081095192325,0.46517564231989156,False
CTR-01051-2,CUST-01051,-0.9116210998380495,0.13801322963051554,0.0,0.4006385830327385,0.35018217718308214,False
CTR-01051-3,CUST-01051,-0.43661878663740517,0.3169056929124215,0.0,0.3799846224952893,0.3795444293029467,False
CTR-01052-1,CUST-01052,0.6477360560960974,1.6149454162567638,0.0,-0.6280320773703434,0.911178069555447,True
CTR-01052-2,CUST-01052,0.9930745170085074,0.1668090190928349,0.0,-1.2600270280494774,0.6775488114503262,False
CTR-01052-3,CUST-01052,0.6877496535770801,0.37987884180580567,0.0,1.1640963755311224,0.8998811181296695,True
CTR-01053-1,CUST-01053,-1.20291500977834,1.101205147007203,1.0,-0.40205686095364185,0.5392292080810711,True
CTR-01053-2,CUST-01053,-1.0924192425399317,0.2749484945154256,0.0,-0.16272335260350335,0.2044892943432594,True
CTR-01054-1,CUST-01054,0.9449771661423012,0.15671793467371664,0.43573953910850927,0.02631828030501021,0.8930510078574802,True
CTR-01055-1,CUST-01055,-0.7008316132165485,0.701142575808903,1.0,0.9588835822012631,0.6874681093844377,True
CTR-01055-2,CUST-01055,-0.6996713829589603,0.0031526300756162867,1.84668103658273,-2.4568507881725927,0.1237929603578422,False
CTR-01055-3,CUST-01055,0.6029488521342663,0.4503456287877936,0.6621168276844499,-0.8800578203644872,0.7408793554629087,True
CTR-01056-1,CUST-01056,-0.28885096624802753,-2.0380155581045845,4.792949189072485,1.2379261421568806,0.12627387431884604,False
CTR-01056-2,CUST-01056,-0.5839161196061817,-1.3840329555685746,8.0,0.6868487433891807,0.11560203566442168,False
CTR-01057-1,CUST-01057,0.573351908712045,1.9187827674978537,0.0,0.5783783861549958,0.9043310145864493,True
CTR-01058-1,CUST-01058,-0.9573814111187229,1.386643136215251,0.0,-0.3335958740480639,0.43029955938213094,True
CTR-01059-1,CUST-01059,-0.16143553438045666,-0.205707384060879,0.0,-1.4004412397345365,0.583247665863826,True
CTR-01060-1,CUST-01060,0.13392608433536357,0.18960884708940207,1.0,0.553969902617377,0.6158222989039197,True
CTR-01061-1,CUST-01061,-0.9433570433403227,-0.8068998693733355,8.58629721366344,0.4903567041798231,0.0,False
CTR-01062-1,CUST-01062,0.4503056526622592,0.007302963133234142,0.0,0.30580676292043496,0.6540895961935717,False
CTR-01062-2,CUST-01062,0.4077004498179648,-0.4560916609233764,1.1232475278560168,-0.1392873108030912,0.6649833349134938,True
CTR-01062-3,CUST-01062,0.09320248290045649,0.23903888277479513,3.0540801936606927,0.2923352819769841,0.7083196765024241,True
CTR-01063-1,CUST-01063,0.8905852570127342,-0.41992923827282025,0.5054679612191937,1.363336279129151,0.7774021441289254,True
CTR-01063-2,CUST-01063,2.36251950650989,0.7595523007909648,0.0,-0.6467524404428042,0.9729928952701098,True
CTR-01064-1,CUST-01064,0.7888864793458252,-1.4704185097620495,4.2236357605542185,0.024222060461944875,0.41130148195391075,True
CTR-01064-2,CUST-01064,-0.5497562486167523,-0.3769867975895532,0.0,-0.037958248885899465,0.23679676495444207,True
CTR-01065-1,CUST-01065,-0.21915659722717934,0.8287493264609569,1.0,0.7758924034784043,0.6574518353572755,True
CTR-01066-1,CUST-01066,0.5957610712050195,1.7925189951932732,0.0,0.035169434549457146,0.9740262351861249,True
CTR-01067-1,CUST-01067,-0.20903340571791307,0.09537697285019425,0.0,1.3415040465464165,0.6179122020619832,True
CTR-01068-1,CUST-01068,0.3795895405950725,-1.3432304589043234,1.7133585745035553,0.9117189935054828,0.7804468922800565,True
CTR-01069-1,CUST-01069,0.3465104532430017,-0.7565813917093569,1.0940302259146417,0.22830478702644963,0.6066741078170139,False
CTR-01070-1,CUST-01070,-2.2403457057839913,-0.17704580821988314,1.0,-0.3625187012959076,0.043514915478597205,False
CTR-01071-1,CUST-01071,-1.5839944961269328,-1.3176509778940828,9.0,0.10838893239816665,0.0,True
CTR-01071-2,CUST-01071,-0.4929163374820533,-1.8537700478441,4.054820820052808,0.7085787089317583,0.05096502870501052,False
CTR-01072-1,CUST-01072,-0.37891942892507474,0.12034466121246155,0.0,1.317121386355879,0.6123767580837691,True
CTR-01072-2,CUST-01072,0.660976915064159,1.0116135317706045,0.0,-0.21285966864815684,0.8873866724159138,True
CTR-01073-1,CUST-01073,0.9375547744234599,-0.9230401947558429,0.41833161178366574,0.8771196282156947,0.6760485044686642,True
CTR-01074-1,CUST-01074,1.7642382547993516,0.2947653130356614,0.0,-0.1152856489639266,0.9591299925366505,True
CTR-01075-1,CUST-01075,-1.7108835940839022,-0.47935222944276545,1.666288085352893,0.6700221940444304,0.10375926801696822,False
CTR-01075-2,CUST-01075,-0.2609654314451973,0.9298872866497658,0.0,-0.3736850732099187,0.4293293043668113,False
CTR-01075-3,CUST-01075,-1.2767530133703433,0.12912950049776573,6.721614832177313,0.2567934535203954,0.1320756836379998,False
CTR-01076-1,CUST-01076,1.5481743164390613,0.9708699129038458,0.0,-0.033619366424314845,0.9411908755316288,True
CTR-01077-1,CUST-01077,0.10490040220885755,1.6197997369481067,0.0,-0.30563240134737685,0.7996896427403878,True
CTR-01078-1,CUST-01078,-0.3930668350715328,0.2560087689230691,4.490541974134909,0.861396321500101,0.563698964230406,True
CTR-01079-1,CUST-01079,0.9292520770791011,1.692485550305793,0.0,-1.936771144308302,0.9409920979207613,True
CTR-01080-1,CUST-01080,0.7641019917151104,0.1115506254384474,0.4833907974884427,-0.11300532786291737,0.8281172679449489,True
CTR-01080-2,CUST-01080,-0.17130729197213013,1.4902610722627618,0.0,-0.463155692764156,0.8100230814668481,False
CTR-01081-1,CUST-01081,-0.1686374338665266,0.7636767578030526,0.0,-0.4416961403699157,0.6822013592363375,True
CTR-01081-2,CUST-01081,-0.06426990009738456,0.33008446381764645,2.5132517890773776,0.034705495616791704,0.441576047420302,True
CTR-01082-1,CUST-01082,0.9104254841520908,-0.4260461842466017,0.0,-0.8889023094961038,0.5183565797196957,True
CTR-01083-1,CUST-01083,-0.349087338020448,-0.5725577552749744,7.0,-0.879337960147642,0.16220976565950854,True
CTR-01084-1,CUST-01084,-1.8803319553527844,2.522230958115747,0.0,0.03462430604784866,0.23475903460738823,False
CTR-01085-1,CUST-01085,0.46826178769824733,0.4541073596903211,1.0,0.3162313061372532,0.6375422167271669,True
CTR-01086-1,CUST-01086,0.21919390678909167,-0.8989570956138943,8.0,-0.41623795702105254,0.3110513801358314,False
CTR-01087-1,CUST-01087,0.875376883114902,0.6792416414718421,0.13892898680657773,-0.38004310185564927,0.8118595680605086,True
CTR-01088-1,CUST-01088,-2.172824802906621,-1.045020542841379,8.0,0.15599999134611575,0.02142952494005224,False
CTR-01089-1,CUST-01089,-0.3614608178883921,0.1267288054523313,3.0,-0.23014258521902117,0.34149120432258745,True
CTR-01089-2,CUST-01089,0.21227675345127683,-0.9628108327474846,0.41454390020275333,-0.28332482082076804,0.5201056045212183,True
CTR-01090-1,CUST-01090,-0.08914914124558931,-0.6828123734811395,0.8548816557073892,-0.31734555617883053,0.6152351071729126,True
CTR-01090-2,CUST-01090,-1.41179611656124,0.8143565898986727,0.0,0.26465158563755325,0.4010323825524138,True
CTR-01091-1,CUST-01091,-1.762838955256067,-1.2161209207143604,5.597362189922324,-1.420450487838918,0.01743109777513667,False
CTR-01092-1,CUST-01092,0.17063199499989895,-1.2419096797258495,9.0,-0.00292501251040779,0.0,False
CTR-01093-1,CUST-01093,0.5053318783654929,0.9326331669711865,1.400821504702523,-0.7536507690316364,0.8521605765095748,True
CTR-01094-1,CUST-01094,2.45259489750428,1.0709207089882145,0.0,0.5867488740782161,0.9902520805905092,True
CTR-01095-1,CUST-01095,0.3025128862843458,-1.3947047763164095,8.0,0.8905322533221302,0.2684363294214327,True
CTR-01095-2,CUST-01095,-0.07555465154167734,0.2636298699032953,0.0,0.08710761987209509,0.7029553625933757,False
CTR-01096-1,CUST-01096,0.6700008637145134,0.9034789114821434,5.6766506422567815,-0.2074148956269873,0.7494754168937361,True
CTR-01096-2,CUST-01096,1.3636478332900848,0.6753665718696061,0.0,0.9012218048554804,0.9401084308487981,True
CTR-01097-1,CUST-01097,0.7877703872165295,-0.06766543474354161,0.0,0.44181550098581435,0.5748570636604571,True
CTR-01097-2,CUST-01097,2.0613124002738408,1.0531305558688229,0.0,-0.22476588452207985,0.981731183351389,True
CTR-01097-3,CUST-01097,2.0478735137710786,1.0722270624387058,0.0,0.8919693257804413,0.9927592614947613,True
CTR-01098-1,CUST-01098,1.8462111966053998,-0.16211804085929116,2.3445724114908275,0.42176310205533424,0.9532374495417046,False
CTR-01098-2,CUST-01098,0.4888813397922337,1.0083464441062218,0.0,1.077854166887144,0.8947316904432948,True
CTR-01098-3,CUST-01098,-0.5164991926855451,-0.4552325501651951,0.0,0.9914764941876888,0.1842158411274457,True
CTR-01099-1,CUST-01099,0.4705687141926286,-0.9296343301194914,0.7928708962616088,-1.0599314109189624,0.31025459302903924,True
CTR-01100-1,CUST-01100,0.07491151147760544,-1.060484244253266,1.833577250674031,0.7348063790297461,0.65825416711508,False
CTR-01100-2,CUST-01100,-0.5156732900333019,-2.1700187150972243,7.16802626894344,0.3253846973074749,0.05253802411920072,False
CTR-01101-1,CUST-01101,-1.3667171148598403,-0.10482704415074007,4.0,-0.4175821594582625,0.08505581280655354,False
CTR-01102-1,CUST-01102,1.8688111422394975,-0.8828987272826596,3.854741630611423,-0.7749430579207275,0.8540663123643384,True
CTR-01102-2,CUST-01102,0.07529767964932998,-0.28710272493812483,0.8932496858265966,-0.6277890424725656,0.4719743926900221,True
CTR-01103-1,CUST-01103,-0.09443725494890765,-0.5040251194831151,4.550327311294044,-1.9028236346765848,0.2132151645304159,False
CTR-01103-2,CUST-01103,2.304494924166325,-0.08336037414936659,0.0,1.533569843469158,0.9645890089211788,True
CTR-01104-1,CUST-01104,0.05216057950595643,1.02090352892934,0.0,-0.7465733826276554,0.451960471326322,False
CTR-01104-2,CUST-01104,1.666839927119761,0.9369342517404051,0.0,-1.636486862249648,0.9171132230975909,True
CTR-01104-3,CUST-01104,1.9760370997774142,-0.3184111136698061,0.0,0.3235685182450036,0.9420275462737986,True
CTR-01105-1,CUST-01105,-0.42885817237834695,-0.04928786155097048,5.026363830027387,-1.3095008872564344,0.08339978697238483,False
CTR-01106-1,CUST-01106,-2.1034282845327645,-2.348442952811308,8.0,-0.025211459638910638,0.005381681727780993,False
CTR-01107-1,CUST-01107,-0.7229554920419273,0.1789087766841488,5.225002148252549,0.06482310895668258,0.11191815929260998,False
CTR-01107-2,CUST-01107,0.8768619517152142,-0.45258626264924584,1.0,-0.24467399450971844,0.601302366847996,True
CTR-01107-3,CUST-01107,-0.03354130814439086,0.5953852530636552,0.0,-0.2365276421368771,0.6314316160968744,False
CTR-01108-1,CUST-01108,-0.249706176656601,0.002193442922452077,4.229910493731646,1.0428142442951742,0.3719197617194606,True
CTR-01109-1,CUST-01109,0.8242155722888636,-0.8842698382002857,0.0,0.5162538122392375,0.7646785314073065,False
CTR-01109-2,CUST-01109,-0.004827552930057932,-0.10713380607125245,1.0,0.9455266535956437,0.6503373094657465,True
CTR-01110-1,CUST-01110,0.5143566276259832,0.44659997233599746,0.0,-0.4309322392860877,0.7623410502727377,True
CTR-01111-1,CUST-01111,0.13985480682881465,-1.0790623043742649,8.852844966948606,0.6590836763247201,0.0,False
CTR-01112-1,CUST-01112,0.8380058571899609,-0.7380186344860119,1.4928862735996766,-0.27091687326126446,0.45591481180960036,True
CTR-01113-1,CUST-01113,1.8165262248896943,0.4127064202405317,0.0,-0.7683801734747266,0.8513630111127916,True
CTR-01114-1,CUST-01114,0.05220614315706451,1.3677780361623313,0.0,-0.17922465806969562,0.0,True
CTR-01115-1,CUST-01115,1.1407444885548368,1.1899144526548069,0.0,1.0494572464807268,0.9299265965522842,True
CTR-01116-1,CUST-01116,0.6854622424216302,0.3912740222844109,0.0,-0.8642367271771755,0.8922847163077674,True
CTR-01116-2,CUST-01116,-0.07429086936745105,-0.15552286300381685,3.7802580191768183,-0.6894808760438133,0.20643135285140657,False
CTR-01117-1,CUST-01117,1.714705635670239,0.367364416157492,0.0,1.042067971128795,0.9047481491098308,True
CTR-01118-1,CUST-01118,1.5731065613391606,-0.5980282356292486,0.0,1.9067543876269042,0.9040449653639383,True
CTR-01119-1,CUST-01119,-0.9636832750577868,0.7693688133723398,1.0,0.4618204103843308,0.24455595410990305,True
CTR-01120-1,CUST-01120,0.7467488944900689,0.5135327830044197,0.0,-0.2609740096232963,0.843329869545909,True
CTR-01121-1,CUST-01121,-1.4509193853678357,-0.4674108866538426,8.0,-0.39882170324447536,0.025549116143798158,False
CTR-01121-2,CUST-01121,-2.9368729555291284,0.6987031882321253,4.0,-1.0302656927978115,0.014119542325405385,False
CTR-01122-1,CUST-01122,2.106081847300091,-1.9074871300779672,3.511141094928407,-0.15915661112658636,0.7671345400746994,True
CTR-01123-1,CUST-01123,0.39099941184336856,-0.7072519885946345,0.5982142676421969,0.47735656883614525,0.61326679464908,True
CTR-01124-1,CUST-01124,-0.27013092091666446,-0.5732247991613187,0.0,0.6787590373459202,0.4412052321251161,False
CTR-01124-2,CUST-01124,-1.8786408614645524,-0.3304672169735019,0.0,-0.5550489164353132,0.034920603135584205,False
CTR-01125-1,CUST-01125,0.4748127671537606,0.40082226937110266,0.0,-0.5153705525167304,0.6221617207691993,False
CTR-01125-2,CUST-01125,0.23544119406074374,0.13505710763956175,0.13554583821572774,-0.8508144846900256,0.5215680280964704,True
CTR-01126-1,CUST-01126,0.3453286399255592,-0.5829856666413389,4.208787007553543,-1.3142528075656406,0.22240328569620932,True
CTR-01127-1,CUST-01127,0.049487148576994544,0.5289172515490635,0.7392864202982697,0.0656013105189121,0.5397432703519675,True
CTR-01128-1,CUST-01128,0.15626376206795156,-0.7656345839889663,0.4949750140363899,0.6790487854515503,0.51948301836317,True
CTR-01129-1,CUST-01129,0.1036092272758949,-1.786693803398189,8.0,-0.785218283869042,0.07314173641027132,False
CTR-01129-2,CUST-01129,-0.8534637606555033,-0.22413549534179114,1.0,-0.5895907136756865,0.1807725091090533,True
CTR-01130-1,CUST-01130,-0.19550414975169889,-0.5571563867307661,0.0,0.30824762768701,0.5831837000174549,True
CTR-01131-1,CUST-01131,-0.6428181233917427,0.15409515794154321,0.0,0.2345089730751856,0.2048579458722449,False
CTR-01132-1,CUST-01132,-1.142070692784487,0.14606292952461322,4.0,0.0004583453765429901,0.30290246179797115,False
CTR-01132-2,CUST-01132,0.470472275059333,-0.46551252494704143,0.0,0.781225300684982,0.6940532794832037,True
CTR-01132-3,CUST-01132,0.4102464388229763,-2.1541378532747313,8.359338728419562,-0.15700294331201636,0.0,False
CTR-01133-1,CUST-01133,-0.3635765870291677,0.4429395678054543,1.0,0.1225300605665991,0.5332570905907186,False
CTR-01134-1,CUST-01134,-0.695386061735114,0.023874387977707273,0.0,0.8542314202061646,0.30812311258740166,False
CTR-01135-1,CUST-01135,0.053832228805594684,-0.0863713401830758,1.974350894883245,0.014514725235901943,0.45172487359806607,False
CTR-01135-2,CUST-01135,-1.903052772947292,0.9264407155681726,6.0,-0.8433626905023816,0.09990383968160127,False
CTR-01135-3,CUST-01135,0.20425726720611087,1.1773579758753292,1.3179328724522286,0.47894463377061514,0.8539666808509959,True
CTR-01136-1,CUST-01136,-1.2697110038367307,-0.6027720859008734,8.0,-0.8940941710863899,0.05763036430691249,False
CTR-01136-2,CUST-01136,0.6015321331337691,-1.7173544995019074,9.0,-0.16194534378254152,0.0,False
CTR-01137-1,CUST-01137,1.5128675660602795,0.4929924175329078,0.0,0.15952257740118542,0.9127718666141368,True
CTR-01137-2,CUST-01137,0.20616125355424275,0.6811408634676869,0.0,-1.5752883457574547,0.7832743731160035,True
CTR-01138-1,CUST-01138,-1.2373281485565744,-0.33008019796508803,6.2759880349281785,-0.003011332517286802,0.088141292101147,False
CTR-01139-1,CUST-01139,-0.8011999060546631,-0.3814350174434458,0.8544114292840196,-0.11473757422901032,0.1451120971438735,False
CTR-01140-1,CUST-01140,-0.050332962929736214,1.1848877154363067,0.5511427017883697,1.1782655207380186,0.8130525235850301,True
CTR-01141-1,CUST-01141,1.0916517733368196,2.0862520350561846,0.0,1.0715748455439442,0.9910933171219085,True
CTR-01141-2,CUST-01141,0.653224376451006,1.2777381017927973,0.0,-0.7620579172298336,0.8537667428583504,False
CTR-01142-1,CUST-01142,0.33443968540369284,-0.06197991289256924,0.0,-0.1279860518443271,0.7898557893951935,True
CTR-01143-1,CUST-01143,0.4900494292948221,0.5100027992947916,0.0,-0.059639233597885616,0.7833333841425532,True
CTR-01144-1,CUST-01144,1.6495382204471047,0.8968340863541406,0.290778022258641,0.7862076065929977,0.9646815124390512,True
CTR-01145-1,CUST-01145,-0.8422783105222269,-1.7288817567622459,8.0,0.47871804788826877,0.04688526272430486,False
CTR-01145-2,CUST-01145,-1.2713884480626632,-0.997287111642329,2.5405124170302313,0.718195593373227,0.20479974637219456,False
CTR-01145-3,CUST-01145,-0.6453952169493131,-1.4972620185700611,4.05274731768948,-0.7973493608717356,0.14099398196310914,True
CTR-01146-1,CUST-01146,0.6997275505082944,-0.43004862160635626,0.0,0.581172883651114,0.8420859579492321,True
CTR-01147-1,CUST-01147,0.035721500514468374,-1.8148509670189643,1.3147770903307667,1.07551158828674,0.28304477066845246,False
CTR-01148-1,CUST-01148,-0.47952789785235017,-0.9235266213177673,0.8378859249770287,-1.6870965189003235,0.3305908370462703,False
CTR-01149-1,CUST-01149,1.2281751565730243,0.3706209490163628,0.0,0.19779657637936132,0.9434190918538697,True
CTR-01150-1,CUST-01150,1.2145099640211792,1.428869407368747,0.0,-0.3433566326835385,0.9550375833710877,True
CTR-01151-1,CUST-01151,-2.056203957047441,0.649008121751105,2.0,0.4078230561647216,0.17563013645667216,False
CTR-01152-1,CUST-01152,-0.6451159616151404,-0.6372753300430971,0.0,2.1229364696364046,0.37510113856517974,True
CTR-01152-2,CUST-01152,-1.1797682834727212,-0.22746432834692104,2.0,-0.15546098527149985,0.1123490632214051,False
CTR-01152-3,CUST-01152,-1.102599469514706,-1.238826698140586,8.0,-1.2836715328624977,0.015497875554885803,False
CTR-01153-1,CUST-01153,-0.3206547491017091,0.3547675561353866,0.0,-0.4353633092866968,0.31521601937031624,False
CTR-01154-1,CUST-01154,-0.9601278345152473,-0.8568878690370738,5.786305406607595,-0.29010792109368566,0.08600082543006171,False
CTR-01154-2,CUST-01154,-0.05400041804885136,-0.8204921991851916,5.160509736840561,0.40548920916140185,0.46917755780065123,True
CTR-01155-1,CUST-01155,-1.137897598914386,0.27534165458752624,1.0,-0.43589640488058345,0.16811846256632604,False
CTR-01156-1,CUST-01156,-1.136385734895473,-1.1394547738636198,3.745028859280938,0.31614646346479014,0.05185604710292909,False
CTR-01157-1,CUST-01157,1.508729456686065,0.7492266105374549,0.0,-0.40184334059250765,0.8787409938675105,True
CTR-01158-1,CUST-01158,0.23492786194003645,1.412029263863047,0.0,-0.7532464846240965,0.8396296295430783,True
CTR-01159-1,CUST-01159,0.4937778773077306,-1.615765293570599,7.722981963566391,-0.6647661333843143,0.08651066610465999,False
CTR-01160-1,CUST-01160,1.539126176994731,0.06052873514511558,0.0,-0.2405118743014425,0.9107079733712097,True
CTR-01161-1,CUST-01161,-0.4180541855467359,-1.5099988741305301,8.0,-1.2842141872249426,0.053629499335964524,False
CTR-01161-2,CUST-01161,1.8290964423163196,-1.3270138492844215,7.476122176284207,-0.017639188637701753,0.7086368952216144,True
CTR-01162-1,CUST-01162,1.56236913532923,0.2397044529729906,0.4276106339937069,0.15773037827285175,0.9327519816782635,True
CTR-01163-1,CUST-01163,0.6744920431306718,-0.4550362012737986,1.161548897811052,-0.48641456727619015,0.6745207144655464,True
CTR-01164-1,CUST-01164,-1.2583144121358667,2.059312843309818,0.0,0.8181119203521556,0.44341419960463707,True
CTR-01165-1,CUST-01165,-0.7898610166191935,-0.14220480450310058,0.0,0.331102263664144,0.35259902002973464,True
CTR-01166-1,CUST-01166,1.230447982182317,-0.3547139482459981,1.0,-0.7796842251246114,0.6835054163066969,True
CTR-01167-1,CUST-01167,-2.287424777205077,-0.03713671423336429,6.0,2.079562090896075,0.050132671549221214,False
CTR-01167-2,CUST-01167,-0.7355294678327375,-0.9174031080173428,2.303070823268055,-0.7609793024695107,0.12722768619445118,False
CTR-01168-1,CUST-01168,1.1903827024932436,-0.2504975413366456,0.0,0.2895370564299732,0.8972478603054485,True
CTR-01169-1,CUST-01169,-1.2384510017325543,0.5285292469529796,1.0,0.8351916217391886,0.4440914893481493,True
CTR-01170-1,CUST-01170,1.137029356059819,1.1679948768689186,0.0,-1.0033890443887195,0.9444449404085906,True
CTR-01171-1,CUST-01171,0.6379032781694887,1.0160236415499952,0.0,-1.2185498562708639,0.6585337270933173,False
CTR-01172-1,CUST-01172,0.8833648820521072,1.087165187754854,0.0,-0.19390536982411233,0.9537420032878979,True
CTR-01173-1,CUST-01173,0.8274617696284122,-1.7298670393136137,2.9606239977423643,0.6558779644671391,0.6349259952267153,True
CTR-01173-2,CUST-01173,0.9124491049082715,-1.3489141698320182,9.0,-1.6751013567697752,0.0,False
CTR-01174-1,CUST-01174,-0.8376781364270798,0.42888810057414584,0.0,1.109857048471313,0.700702177366787,False
CTR-01175-1,CUST-01175,2.597338881984764,-0.26247690265113954,0.0,0.196597630771421,0.9765758378461628,True
CTR-01176-1,CUST-01176,-1.9417127486228467,-0.3785960701209316,8.0,-0.24091867208290726,0.012112313010168605,False
CTR-01176-2,CUST-01176,-2.437806491828068,-0.9591172185379335,7.5214917738073295,0.07162280875478799,0.0033005070461378217,False
CTR-01177-1,CUST-01177,0.4048179113255647,-0.04441301734352843,0.0,-0.4309061293283738,0.3891747861802369,False
CTR-01178-1,CUST-01178,0.6327366763304142,-1.3277261245397585,2.127575663981565,0.7470286783267996,0.5708019528283775,True
CTR-01179-1,CUST-01179,0.345675037134476,-0.4473420169022496,0.0,-0.2831505634293481,0.6821445669257787,True
CTR-01179-2,CUST-01179,0.7081319524569265,0.5984685597785868,0.0,-0.23614620699297453,0.94666820226199,True
CTR-01180-1,CUST-01180,0.7321252055055044,2.0675680749212466,0.0,-1.0654481612101532,0.8899151134725458,True
CTR-01181-1,CUST-01181,-0.8473552682186847,-0.5849248205194891,0.0,-0.2295528664745755,0.2213464390660648,False
CTR-01182-1,CUST-01182,-3.134908592381025,-1.0752269011860376,9.0,0.09365755274620625,0.0,False
CTR-01183-1,CUST-01183,0.24733924900429505,2.665654782307503,0.0,1.6206853862705657,0.9573266160572332,True
CTR-01184-1,CUST-01184,0.5208724390760919,-0.5045117751399274,3.0005051939329626,0.09803909684574152,0.6473089735896151,False
CTR-01184-2,CUST-01184,-0.02964008632778381,-0.44654451234704784,0.7193951913063122,0.012077175746945987,0.42509894603016457,True
CTR-01185-1,CUST-01185,0.18846508883488233,0.012708755734924582,4.0,-0.3609210913428588,0.35590180043871006,False
CTR-01185-2,CUST-01185,-0.21077794895021013,0.6850431833058053,0.0,-0.4681148665052715,0.6010902502095667,True
CTR-01185-3,CUST-01185,-0.4911370070670365,1.3623326799122595,0.0,-0.3151336839064312,0.5806231731484867,False
CTR-01186-1,CUST-01186,-2.0090259976327562,-0.1394578252641066,1.0,-0.13708714131215502,0.053146628199323656,False
CTR-01187-1,CUST-01187,-0.5476425612963285,0.3199108608410398,0.0,1.1029577686813994,0.4286530486581494,False
CTR-01187-2,CUST-01187,0.3243008987075625,0.9609660527599583,0.0,0.7028444637749446,0.7133286969230461,True
CTR-01187-3,CUST-01187,0.5665290171678754,1.0294108867446745,0.0,0.10404786075956776,0.7440867148735961,True
CTR-01188-1,CUST-01188,-1.4095618823828395,1.1041126788156075,1.382753294963388,0.6858496287741529,0.410768986627522,False
CTR-01189-1,CUST-01189,0.5690663425068618,-0.3113316643953489,0.0,0.38648618618344543,0.8033983399411514,True
CTR-01190-1,CUST-01190,1.3574543124876852,0.06595048681371202,0.0,-0.2960737196360513,0.9228126189599108,True
CTR-01190-2,CUST-01190,1.430007531812047,-0.08499641731022992,0.0,-0.20739464489703185,0.8859642506969898,True
CTR-01191-1,CUST-01191,-1.6380207899531283,-2.073143968043117,7.0,0.3833200312127167,0.035198134096189,False
CTR-01192-1,CUST-01192,-0.19546929917474964,1.1413799980341914,5.0,1.0038600116344334,0.7369280819834814,True
CTR-01192-2,CUST-01192,0.022053325629609155,1.4064814633334541,1.0022264320418044,0.013531864152679901,0.6536888771634904,True
CTR-01193-1,CUST-01193,0.31443996659169,0.20886397846904659,1.243524891800507,0.08982083755426784,0.7257414069991173,True
CTR-01194-1,CUST-01194,0.29019129703725327,1.5133684229908142,0.5732826692149192,0.39283848125041954,0.8096562055780323,True
CTR-01195-1,CUST-01195,-0.3374455394381368,0.007507785225418714,1.0,-0.3553516341736729,0.4691326083538163,True
CTR-01196-1,CUST-01196,-1.2249485387035843,-1.6523843885798266,8.945168769059102,-0.5291305914554275,0.0,False
CTR-01197-1,CUST-01197,0.1701910671649478,0.9699677187632779,0.0,-0.05496849146598498,0.726724800185573,True
CTR-01197-2,CUST-01197,0.1500764402344948,3.2791710100066576,0.0,0.11052290150566424,0.98746166551809,True
CTR-01198-1,CUST-01198,-0.7627158971872835,-0.11868112442401013,0.49459262115359015,-0.5211573432415566,0.4276881014956756,False
CTR-01198-2,CUST-01198,-1.0023095314992654,-0.9937295299699636,9.0,-1.026733103043161,0.0,False
CTR-01199-1,CUST-01199,-0.5407747432402719,2.049906933605082,0.0,-0.32036908224021265,0.7445234544625313,False
CTR-01199-2,CUST-01199,0.7301700212585777,0.948814513916912,0.0,1.0250329279184327,0.8815054704582922,True
CTR-01199-3,CUST-01199,0.2538538184595472,0.27593742449435843,3.0,-0.19074901860519117,0.7699719461643262,True
CTR-01200-1,CUST-01200,3.3412539297832193,1.577029137524807,0.0,-0.3550658087306907,0.9972744894428284,True
CTR-01201-1,CUST-01201,-0.4276354359224852,-0.2856825688645552,2.4789040219815885,0.2975513971125871,0.3722684087868785,True
CTR-01201-2,CUST-01201,0.8758237703161722,0.6542034527072089,0.0,0.02445305655106972,0.9133395047322282,True
CTR-01202-1,CUST-01202,0.26766101582888757,-0.36459240150789074,0.45426707293318114,-1.1313976021996694,0.5527132852788231,False
CTR-01203-1,CUST-01203,-1.9090232279407862,-1.15815301557227,7.469320016208214,1.37579206055188,0.026854310058760194,False
CTR-01204-1,CUST-01204,-1.182666511652244,-0.7527279362771577,0.5916881821485284,1.4834087587928193,0.13392760088164987,False
CTR-01204-2,CUST-01204,-0.22216149634701174,0.21529673858742182,0.40934208969479646,-0.09830698868214921,0.45971052928129524,False
CTR-01205-1,CUST-01205,-1.013422975907212,0.6346371877525065,4.188235453604182,0.011620784844433796,0.2002008621723452,False
CTR-01206-1,CUST-01206,0.7750719664459063,0.42959242294252115,0.0,0.5186761258113167,0.92838951522191,True
CTR-01206-2,CUST-01206,1.030631615167291,-0.1268469979338515,1.0,0.17632387493037655,0.8899771401622776,True
CTR-01207-1,CUST-01207,2.551392843970624,2.0655368422765954,0.0,0.20063721999771844,0.9910224616764237,True
CTR-01208-1,CUST-01208,-0.4041600364687655,-0.08305656661236246,3.0,-0.8591136093660432,0.19491002977364094,True
CTR-01208-2,CUST-01208,-0.4793682756033203,0.11514599265469377,3.0,-0.5098547823843806,0.21794123488246772,False
CTR-01209-1,CUST-01209,0.29828096503255014,-0.1355893412554744,0.0,0.21714558945107418,0.5318398978012752,False
CTR-01209-2,CUST-01209,0.46888413629176895,0.5361919204914682,0.0,-0.11690002809956429,0.7334898406277267,True
CTR-01209-3,CUST-01209,0.7573241151930946,0.3563241168322283,1.4287146092319682,-0.540039374546156,0.6773132184456148,True
CTR-01210-1,CUST-01210,-0.48829543466208286,0.0017825988437246143,0.0,1.096268495537601,0.591522865510634,True
CTR-01210-2,CUST-01210,0.07669475493341024,0.3547096688746248,0.0,0.46482491292064326,0.8890000990440974,True
CTR-01211-1,CUST-01211,-1.1082221406695991,1.1716391043021703,0.0,0.2142973123619817,0.22822222009655457,False
CTR-01212-1,CUST-01212,0.026726306404733724,0.7937525192607795,1.0,-0.050006913796577096,0.7346401957306036,True
CTR-01213-1,CUST-01213,-0.1388308741475125,-0.4706731800377481,8.0,0.01915444723457127,0.3097985376576837,False
CTR-01214-1,CUST-01214,0.6625389368808275,-0.9584881522757842,3.969271016978063,-1.1252972872985691,0.07735967726729656,False
CTR-01214-2,CUST-01214,1.23992881004471,0.5682685434011489,0.0,-0.7666870945866407,0.7846225276868968,True
CTR-01215-1,CUST-01215,1.1648193587715565,0.5785115771596662,0.17123393722055924,-0.9609888995860272,0.7948265770518941,True
CTR-01216-1,CUST-01216,-1.7170802952259052,-1.607399440619603,4.495082836588761,-1.6640040225336925,0.014448577849708563,False
CTR-01216-2,CUST-01216,-2.4144284559385154,-0.7944449177888431,8.0,0.4082849768782277,0.011150161874366673,False
CTR-01217-1,CUST-01217,-0.12039995014172072,0.7950736922824032,5.0,-0.5524459182490757,0.44866314778509997,False
CTR-01218-1,CUST-01218,1.5623077082528694,0.4594510918708302,0.0,0.6907233432654445,0.9713764916285075,True
CTR-01219-1,CUST-01219,0.4084183453437983,-0.9526357607869841,0.0,0.3531528719434542,0.4232859831211884,True
CTR-01220-1,CUST-01220,0.3003659464502836,0.9626813179796446,1.3588984806336075,-0.5371735902213419,0.9035437105163752,True
CTR-01220-2,CUST-01220,0.07857546623787157,1.124038086088105,0.0,-0.17049455041708506,0.7675976868006352,True
CTR-01220-3,CUST-01220,0.5012119984054861,1.6361944534021935,0.27554061553098885,0.38535904771076657,0.9565752077462116,True
CTR-01221-1,CUST-01221,-0.22475060096886545,-0.12876057177480837,0.0,0.9657573607820225,0.3539056790876514,False
CTR-01222-1,CUST-01222,1.0211194257876117,1.535284442639228,0.0,-0.32571233535705324,0.9443288538010797,True
CTR-01222-2,CUST-01222,-0.07591908772027867,0.268783936983514,0.0,0.4350978777561329,0.6400866656096883,False
CTR-01222-3,CUST-01222,2.1958343009425443,0.22756984104262867,0.0,1.1708291739619798,0.9923461618226072,True
CTR-01223-1,CUST-01223,0.21337037563389272,0.6093947318328551,0.0,-0.6700075609748705,0.5497455351125097,False
CTR-01223-2,CUST-01223,1.4798975049911447,0.5703456384653911,1.0,-0.8661583583552692,0.9092828220448578,True
CTR-01224-1,CUST-01224,1.3080380153860758,0.3617623886444833,0.0,0.6952676134065598,0.9075893981805766,True
CTR-01224-2,CUST-01224,0.7730081596608495,-0.1902201563868111,1.0,-0.9830233999385141,0.5507931887659955,False
CTR-01225-1,CUST-01225,0.6919903780990829,0.5873278850486667,0.0,-1.3501102297478818,0.7874282203281596,True
CTR-01225-2,CUST-01225,1.8160637593879712,-0.05046654215318827,0.9646818541528103,1.2685406088378846,0.9361125581517619,True
CTR-01226-1,CUST-01226,-0.9445230251532439,-0.8214590201651145,8.0,-0.44317394690319245,0.049161088262204014,False
CTR-01227-1,CUST-01227,1.1680019819349576,-0.331378609255195,1.0523347292939318,0.8171987793124325,0.9000261826370939,True
CTR-01228-1,CUST-01228,-1.0136891260949519,1.2374102564646488,0.0,0.23706114695887892,0.5212879993532359,True
CTR-01229-1,CUST-01229,1.6131431103838678,-1.0074841301517752,4.376427856377242,0.4117568765690117,0.7508179110166441,True
CTR-01230-1,CUST-01230,-0.35659547029551325,-1.1260754945654659,3.9981358641313935,-0.11472851760743241,0.3765410933490521,False
CTR-01231-1,CUST-01231,0.9837642232580264,-0.7094555413426435,1.6204104558264216,0.6560770061838473,0.5716124106903868,True
CTR-01232-1,CUST-01232,-1.199750751871385,1.0369710361863675,2.3189695646548794,-0.5595249461804962,0.3377694179324706,True
CTR-01233-1,CUST-01233,0.5696188062326246,-0.5172816916318095,8.0,-0.4333981303115044,0.3964240840307149,False
CTR-01234-1,CUST-01234,0.27826913527753117,-0.6720671742186695,8.0,-1.9457042069655883,0.07725123416080146,False
CTR-01234-2,CUST-01234,1.2616662022897553,0.6657746555126961,0.0,-0.09695576866630515,0.9131395194380048,True
CTR-01235-1,CUST-01235,-0.1987135724585588,0.1656283086940361,3.7910751194246863,1.4179019829009527,0.3817764330146596,True
CTR-01236-1,CUST-01236,-0.11407402256448673,0.5441027351290683,1.5645514850325444,-0.8417159410185147,0.6102623377201889,True
CTR-01236-2,CUST-01236,-1.88920990267648,-0.09781068107357578,0.4527350891934945,0.5327185396289216,0.16941455494771032,False
CTR-01237-1,CUST-01237,0.43684467283974093,0.20293836563763462,0.0,-0.08902572543935772,0.778779775908094,True
CTR-01237-2,CUST-01237,0.2998935380828712,0.8040489607311578,0.0,-0.0502704401745524,0.7500876376786555,True
CTR-01238-1,CUST-01238,-0.5590081577886838,-0.9187318033723978,7.0148425587000665,0.3380675258801664,0.21669152889891394,False
CTR-01239-1,CUST-01239,0.6060429167007402,-1.06982409960927,1.7564995742648328,0.5042783287578465,0.3147177451447811,False
CTR-01240-1,CUST-01240,0.4790805255914423,-0.5753001589377361,1.0,-1.0533485361565353,0.4329341466805682,True
CTR-01240-2,CUST-01240,0.3034450825619106,-0.14919590319264545,1.0,-1.0064291068543718,0.3524485646438277,False
CTR-01241-1,CUST-01241,-1.953670501846978,-0.49413854825885023,4.609680498243419,0.03369036421318146,0.03700408165925916,False
CTR-01242-1,CUST-01242,2.5280609172639106,0.7022128926911653,0.0,-0.33363975357618475,0.9873521078545059,True
CTR-01242-2,CUST-01242,2.533709750867309,1.0571608977864442,0.0,-0.6753793459246936,0.9803222863595039,True
CTR-01243-1,CUST-01243,-0.5581270608546047,0.16720668646287762,4.0,1.9505661133229835,0.7238238218955529,True
CTR-01243-2,CUST-01243,-1.37287855611735,-1.0758154601488896,1.0819617517776594,0.11281062122308383,0.28200182193694956,False
CTR-01244-1,CUST-01244,1.043516048786625,-0.3696534817785365,1.3868700181069253,-0.21232652677032965,0.7147847278390912,True
CTR-01245-1,CUST-01245,0.5531921625930157,-0.1345822324984458,0.0,0.15965506431974105,0.7378719166342996,True
CTR-01245-2,CUST-01245,-0.3554325259625658,-0.33196563643191135,2.51673292042885,-0.1306843666924605,0.3532270115807608,True
CTR-01246-1,CUST-01246,-0.049357310676899635,0.6681205730116495,0.5934454239363224,0.5780321411508591,0.5378195355929559,True
CTR-01247-1,CUST-01247,-1.2384111387328205,-0.1684013924696638,3.7766733536239787,0.3924508653541131,0.3039648210876435,False
CTR-01248-1,CUST-01248,2.60132509544147,0.9354087801814313,0.0,0.587339715814576,0.9956278672312996,True
CTR-01249-1,CUST-01249,0.09501248159190895,-0.09052480243211572,3.8073981205087453,-1.0415860016716052,0.28224196396997714,True
CTR-01250-1,CUST-01250,1.1501102407072652,0.4206993957554873,0.6851563055981604,-0.5458740496913697,0.9052592962634689,True
CTR-01250-2,CUST-01250,0.5423857138820231,0.8278640323712845,0.0,1.133750504298417,0.9486585074866789,True
CTR-01251-1,CUST-01251,0.46962735207611117,1.1478581276599653,1.6254161648614889,0.34348399908524735,0.8495997337387831,True
CTR-01252-1,CUST-01252,-0.5276162849457829,-0.8187349333051827,8.063212957896559,-0.7384852451446848,0.0,False
CTR-01253-1,CUST-01253,-0.6502399435801858,0.14918386987465182,0.0,0.26601842377780693,0.5623834742427206,True
CTR-01254-1,CUST-01254,-1.158380162437223,0.5895151856224252,0.0,1.4491930654944967,0.3573930566355266,True
CTR-01255-1,CUST-01255,-0.5949100675294955,-0.4008887226015807,5.0,-1.6229349340855777,0.06363394162019127,False
CTR-01256-1,CUST-01256,-0.8928024427920039,-1.2307435387970442,8.617625817583798,0.5499552991180164,0.0,False
CTR-01257-1,CUST-01257,-0.3346424747868694,-1.9121923535350043,5.472322955559573,0.257903680027149,0.14319206541514304,False
CTR-01258-1,CUST-01258,1.7718220235987658,1.7087763316485307,0.0,1.5871430713036951,0.9941049868560307,True
CTR-01259-1,CUST-01259,0.12935647508157883,-0.18453628846166759,0.0,0.25964358134540577,0.6419005193811269,False
CTR-01260-1,CUST-01260,1.8916311987793264,2.078545047892737,1.0,0.027744861061662157,0.9944005300667501,True
CTR-01260-2,CUST-01260,2.1496293376283635,0.5331496438785424,0.0,-0.6246401266688482,0.9394544464205139,True
CTR-01261-1,CUST-01261,-0.3375590681777523,-1.4609654813594846,4.947851630998604,0.00854290988032358,0.2020748543235744,False
CTR-01261-2,CUST-01261,0.06824084122364146,-0.7582645141523797,2.252542293106349,-0.013756236311582737,0.36612886819201107,False
CTR-01262-1,CUST-01262,-0.628116295028416,-1.5124918254205009,9.0,-0.6590120548356768,0.0,False
CTR-01262-2,CUST-01262,0.3789304841115734,-1.2940489334137102,3.782974772715204,0.55481503064859,0.2862181479675908,False
CTR-01263-1,CUST-01263,0.3746324151332404,0.6877711297173847,2.41790519043852,0.14342201418920575,0.7723008662073424,False
CTR-01264-1,CUST-01264,-0.7866046807291904,-1.6065647053956746,5.006850219338864,-0.9097457933226119,0.04559706405175589,False
CTR-01265-1,CUST-01265,-0.18298111991341237,0.6687816596326839,1.0,-0.1855714590046063,0.4397271688565142,False
CTR-01266-1,CUST-01266,-0.6247784341369588,-0.2256189155324556,1.0,-0.13212557359440485,0.28153032984756726,False
CTR-01267-1,CUST-01267,-0.11668351134920338,-0.3403857693271414,0.0,0.08637868556359257,0.4747075792987058,True
CTR-01268-1,CUST-01268,2.381948735625517,0.17213259798606928,0.6624687187217967,-0.7799468563839729,0.9342580466596463,True
CTR-01269-1,CUST-01269,0.9738053930425288,1.3192118392304693,0.0,-0.3623756090706846,0.9143487659916057,True
CTR-01270-1,CUST-01270,1.364609077414771,1.0059813669558106,0.0,-0.6799613502613233,0.8789563694927235,True
CTR-01271-1,CUST-01271,-0.40555484161607847,-1.2473313687335037,4.244330657617018,-1.4276658341751889,0.1074404375858382,False
CTR-01271-2,CUST-01271,0.676918683944589,0.37582368493378926,0.0,0.5168650687839527,0.7286712250095022,False
CTR-01272-1,CUST-01272,-0.917871427505411,-0.8024557241617063,6.35803282722223,0.4073991088195189,0.23971881946814363,True
CTR-01273-1,CUST-01273,-1.2123894195360811,-0.5077204325722973,1.0,-0.8108639428901392,0.11808630772432309,False
CTR-01273-2,CUST-01273,-1.926364669079918,-2.2291112760111624,7.749168457313202,-1.13500667904936,0.008387792043581251,False
CTR-01273-3,CUST-01273,-0.4123373522604473,-0.5491938997132776,0.0,0.1438438073280432,0.23835558771933077,True
CTR-01274-1,CUST-01274,-1.7457574537888112,0.6935716889005289,2.456450227081792,-0.11407223446862425,0.17053961273964377,False
CTR-01274-2,CUST-01274,-0.7459220401526102,1.0151247925342581,0.3702144005119048,-0.28328589488359157,0.4584367071071014,True
CTR-01275-1,CUST-01275,-0.12859277117069373,0.5159871303199796,0.0,1.2648408168716108,0.6703683673482087,True
CTR-01275-2,CUST-01275,0.06456206429099864,0.30837843422441114,0.3988266341982356,1.4784283804683533,0.6382540091489006,False
CTR-01275-3,CUST-01275,-0.0665844562402344,-1.5489132073775527,4.161303969495129,0.6473623069614263,0.1802590887127173,True
CTR-01276-1,CUST-01276,-0.07465822168286593,1.2958363656452812,1.0,-0.7141427339010151,0.895083510232668,False
CTR-01276-2,CUST-01276,-0.13337026436895513,-0.8168235364530174,0.0,0.8429829413295418,0.37131488261293855,True
CTR-01276-3,CUST-01276,-0.25648652434066344,0.860943838873836,0.0,0.3467191181205177,0.0,False
CTR-01277-1,CUST-01277,0.8191802688241518,-0.18085834388019462,2.0,-1.2825231536431607,0.7262632301128121,True
CTR-01278-1,CUST-01278,0.7181710928200916,0.3597537778900187,2.453461352960818,-0.14670897118532408,0.8558596759077726,True
CTR-01279-1,CUST-01279,2.285258375818297,0.2676665043596899,0.0,-0.18044305506365213,0.9533770850584801,True
CTR-01280-1,CUST-01280,0.9173617014766996,0.3141808630134044,7.756346758954715,-0.8592106651207505,0.4801200666551921,True
CTR-01281-1,CUST-01281,1.3228942282184866,-1.1159859257004778,1.5214136761713424,0.24797480941288907,0.7617211463668028,True
CTR-01281-2,CUST-01281,1.0217320728016985,0.8978850498738916,0.0,-0.33324507176570733,0.664251231968986,True
CTR-01282-1,CUST-01282,0.1332654227320304,0.9091504890888025,0.0,0.8359097312718105,0.9160294624731288,True
CTR-01283-1,CUST-01283,1.1404588280016663,1.674789074746354,1.0,-0.8867376342807147,0.913541970706393,True
CTR-01284-1,CUST-01284,-2.024374994586805,0.5271431769612076,2.0,-0.7348405170632482,0.032975411238879156,False
CTR-01285-1,CUST-01285,-1.0636414380993746,0.47701920723750224,3.785734422902103,-0.36474689720121234,0.19946098591871578,False
CTR-01286-1,CUST-01286,0.550726346875338,0.24479724955012844,0.0,0.45250529943635015,0.635901786669014,False
CTR-01287-1,CUST-01287,0.21737791916802063,1.0499638118755694,1.0,-0.45528748512071476,0.9038200906050073,True
CTR-01288-1,CUST-01288,1.1860111795562769,-0.3660341851807386,1.1399848202320824,-0.5285615222121915,0.7360843982156605,True
CTR-01288-2,CUST-01288,-0.40691202842633406,-0.9114889218734443,9.0,-0.9891334451594016,0.0,True
CTR-01288-3,CUST-01288,-0.6886117929537209,0.46918395277746605,8.0,-0.09632572734930012,0.18973577028273828,False
CTR-01289-1,CUST-01289,0.1292456383554408,-1.4020943416228304,2.340979622143595,-0.729518487123393,0.11873575462252513,False
CTR-01290-1,CUST-01290,-0.3994599713516661,-0.6923772756787239,3.424898733928555,0.6080449396236022,0.47052170488061934,False
CTR-01291-1,CUST-01291,-0.186251590834823,1.0516814126511151,0.0,-0.4039730930574449,0.7928674345990313,True
CTR-01292-1,CUST-01292,0.5516954170998866,-0.3490185748727054,0.4674512986456525,-0.4538777120127684,0.6311931242496692,True
CTR-01293-1,CUST-01293,-0.004348687598269951,0.36073624683158517,1.0,-0.2683565746633936,0.7871722538296205,True
CTR-01293-2,CUST-01293,-0.21915865460151163,-0.2815111742382546,5.2317084698814345,-0.3789944740646073,0.2542422591559397,False
CTR-01294-1,CUST-01294,-1.495003443037432,-1.1071557497606377,4.0,1.3240257711934076,0.08154216385144421,False
CTR-01294-2,CUST-01294,-0.7001306031628065,-0.9633440145327454,1.5750786281317704,-0.1648027415917195,0.048826262891200366,False
CTR-01294-3,CUST-01294,-1.187686007574056,-0.032306406588356595,1.395603381270433,-0.504781097972586,0.30096449518253343,False
CTR-01295-1,CUST-01295,0.6029830071526576,1.3879461075490378,1.1388621514356583,-0.16050931796254753,0.9153452378405427,True
CTR-01296-1,CUST-01296,1.2138320441355552,0.750376827995146,1.8530194939083218,-1.035963688530727,0.8994453556065923,True
CTR-01296-2,CUST-01296,0.706995094892378,0.46276690669981724,0.0,0.5771415953500874,0.7910930676757434,True
CTR-01297-1,CUST-01297,-1.7955710410128305,0.4109657059138614,2.0,0.7745853658295515,0.3158059275969363,True
CTR-01298-1,CUST-01298,1.4145795419683238,-0.45106366392415687,0.0,-0.37288313760399777,0.7734423814240343,True
CTR-01299-1,CUST-01299,-0.45305144141202813,-0.11756813697529689,0.0,-0.3442534080596593,0.480667295677633,False
CTR-01299-2,CUST-01299,0.7536392116247642,-0.09197532864216296,1.6631550691677104,0.5988551766520299,0.7852147716899968,True
CTR-01300-1,CUST-01300,-0.25548343320617517,-0.8946701703772932,4.397997368211533,-0.5955869675422791,0.22153366880424086,False
CTR-01301-1,CUST-01301,1.747263549138275,-0.1801451448623239,0.0,0.15716020430607086,0.8959040480094015,True
CTR-01302-1,CUST-01302,1.1148204163567954,0.7392265726261757,0.0,0.311762214048889,0.8991138568117835,True
CTR-01303-1,CUST-01303,1.5567863471893864,0.5160999806470049,1.0,0.6858624667166038,0.9704963553452284,True
CTR-01304-1,CUST-01304,0.43106569102141035,0.10444760316064139,0.0,0.11493433817343204,0.8237261274886055,True
CTR-01305-1,CUST-01305,0.805049481607896,0.3292293061063708,0.0,-1.364403907273541,0.7306601389675988,True
CTR-01305-2,CUST-01305,0.7286661650298594,-0.7595039279769484,0.6288361157219835,-0.543987885593623,0.4134110444570839,False
CTR-01306-1,CUST-01306,-1.7266445083767472,-0.20389619527274516,9.0,-1.3793006225747584,0.0,False
CTR-01306-2,CUST-01306,-1.2341428731709054,0.19182551947583737,0.0,0.22937368499196786,0.19519567549249597,False
CTR-01307-1,CUST-01307,-0.4216322581331706,0.35049504106255247,5.0,-0.317328712840463,0.5252117853174258,True
CTR-01308-1,CUST-01308,-1.7313048860127396,0.1564972749655771,1.0,-1.0513778205452335,0.059166670579669824,False
CTR-01309-1,CUST-01309,-0.02693470580812956,-1.7227351096017305,6.43192101190079,0.6383689333397162,0.08633152406695206,True
CTR-01309-2,CUST-01309,-1.237538940612504,-2.550847356747146,8.0,-1.2938081911937758,0.0032995816387766967,False
CTR-01310-1,CUST-01310,0.582445898849015,-0.9680355345922137,1.6507706612629054,0.19198621089695828,0.34254033573298726,True
CTR-01310-2,CUST-01310,-0.6933136191935569,0.2956244578152387,0.0,0.8035637720525282,0.4254789549253382,True
CTR-01311-1,CUST-01311,-2.859342216844513,0.7772519893829157,3.0,-0.38837276615598204,0.01593422444945695,False
CTR-01312-1,CUST-01312,0.8772899978160655,1.201553771795743,0.0,-0.6254575819560269,0.845445697619049,False
CTR-01313-1,CUST-01313,0.806918283947285,0.4497274524621566,0.0,0.0702380242704847,0.7944662102320169,True
CTR-01313-2,CUST-01313,0.2960078377792973,0.14352799970911168,2.8844346268982246,0.6597472239019961,0.6941568025980652,True
CTR-01314-1,CUST-01314,-0.2028273516475151,0.5802829628177053,1.0,-0.9324160361728276,0.5325809792385438,False
CTR-01315-1,CUST-01315,-0.04172997389493196,1.1060948985067895,0.0,-1.5534949974757506,0.7215327742146859,True
CTR-01316-1,CUST-01316,-0.31441465535134955,0.2825373903255606,2.0,-1.121222271377501,0.6282427687301595,True
CTR-01317-1,CUST-01317,-0.4122016720809652,-0.17956789395562078,0.0,-0.17781910491300312,0.4021186268411034,True
CTR-01317-2,CUST-01317,1.1765192932920816,-1.079847609083529,3.7780208354602864,-1.2404067278236925,0.728826028439746,True
CTR-01318-1,CUST-01318,-0.6622954255747199,0.11318804262928166,0.0,-0.1063512633570215,0.46663666782734153,True
CTR-01319-1,CUST-01319,-0.9220245644173046,0.19723905271885647,5.0,-0.6394605489336203,0.12106674569658521,False
CTR-01319-2,CUST-01319,-0.45528249778076657,1.009663729085399,0.0,-0.8071165788344052,0.3155203529366029,False
CTR-01320-1,CUST-01320,-0.5210426455155563,0.08259117489739987,1.5250108976089585,1.0601042538076957,0.4131906056316838,False
CTR-01321-1,CUST-01321,0.8065547303229245,-0.12253532110544452,0.0,0.043312430734037344,0.8919005232652024,True
CTR-01321-2,CUST-01321,0.9646881967279073,-0.7186485228824429,3.3611486229509158,-0.44918882908479235,0.7172831807660028,True
CTR-01322-1,CUST-01322,-0.17026696183081272,-0.008189855649990863,0.0,0.12332549384439123,0.37847998946380085,False
CTR-01322-2,CUST-01322,0.1642464422013347,1.393978172131795,0.0,-0.37626876490914385,0.8076893979733663,True
CTR-01323-1,CUST-01323,-0.5426750961616136,0.7629602127901807,0.36323378946217477,-0.39049506263226996,0.3874686533082018,True
CTR-01324-1,CUST-01324,-2.3236006999005663,0.19975508171437997,1.5361456934999065,-0.680474757089231,0.050733208798650786,False
CTR-01325-1,CUST-01325,-0.5774510902761183,0.7021992607316233,1.2810055122345512,-0.4814374327524016,0.6192848646043587,True
CTR-01326-1,CUST-01326,-0.39451252351807153,-0.18564238427330698,0.0,0.21334327828425942,0.40598612452666083,True
CTR-01326-2,CUST-01326,-1.1341832566176133,-0.355406900462377,2.1858558528307404,-0.044995482044979995,0.2743588364106786,True
CTR-01326-3,CUST-01326,-1.108236229040219,0.83105779140136,0.0,0.7892019296900106,0.5227593833414762,False
CTR-01327-1,CUST-01327,-0.34078371972194865,-0.20202675809598114,0.0,0.09169445638675644,0.27841583102552314,True
CTR-01328-1,CUST-01328,-0.5407845579313915,-0.3252938533965416,1.7836619208986946,-0.5346295300324088,0.32672119055810095,False
CTR-01329-1,CUST-01329,0.42352851147064785,1.2861492928865548,0.0,0.014380505646681252,0.8577798002922615,True
CTR-01330-1,CUST-01330,0.4312391229816072,-0.9934935489950296,4.2716027994941665,-0.48179209775134213,0.3309421870963715,True
CTR-01331-1,CUST-01331,-1.8418092012592313,-0.022314046883653432,3.708336058504182,-0.5639301253916793,0.0446955394807364,False
CTR-01332-1,CUST-01332,-0.800387653113521,-0.3577775591165413,0.0,1.1016108712548605,0.5823197202269674,False
CTR-01333-1,CUST-01333,-0.8777287052323528,-0.9216329797173382,8.0,-1.1295939652099438,0.05388202246194167,False
CTR-01334-1,CUST-01334,-0.14199532316884622,-1.5650532072957062,6.299395902953451,0.5839217216131,0.11902972691977208,False
CTR-01335-1,CUST-01335,-0.5829678315540157,0.7152859545275768,1.0,-0.4616942860411678,0.45748606620241,False
CTR-01336-1,CUST-01336,3.1139618880578235,2.145099450631267,0.15668247072317887,0.4871611623427558,0.9984717087192106,True
CTR-01336-2,CUST-01336,1.2032150552151866,3.302128423535687,0.0,-0.5920484006375267,0.992895098833694,True
CTR-01336-3,CUST-01336,1.7518034729555805,0.7257003832113605,0.5763638764631479,0.2315962991184361,0.9628654160851109,True
CTR-01337-1,CUST-01337,1.0371923077515828,0.44286513691990825,1.4985261378241463,-0.23780169815544658,0.9051000788022394,True
CTR-01337-2,CUST-01337,1.4781664990450833,0.5768458859159928,1.2798465423704317,-0.7628867778195646,0.8723250867588642,True
CTR-01338-1,CUST-01338,0.9233081193774886,0.3277545496592738,0.0,0.0038967429501928497,0.8850921276056724,True
CTR-01339-1,CUST-01339,0.31092819975944774,0.663789118144394,1.2433966581650737,-1.6668441086984411,0.71306641262503,False
CTR-01340-1,CUST-01340,0.4988744923412946,0.5058818567117304,0.0,0.5104414662813757,0.7042862916149158,True
CTR-01341-1,CUST-01341,0.4554565139452511,0.96384802918451,0.12239967831493015,0.1856793492197291,0.8972360383694575,True
CTR-01341-2,CUST-01341,0.7430108455519475,0.18567232255881916,0.0,1.2979971709797022,0.9241819382837847,True
CTR-01341-3,CUST-01341,0.13314952855934648,-0.3147923758493414,5.499636236350527,0.7225209720914267,0.22072343592284024,False
CTR-01342-1,CUST-01342,-0.17764092185796487,0.8548772277561498,0.27763632333488786,0.8695178241001018,0.6542805428291578,True
CTR-01343-1,CUST-01343,0.1787416311349015,1.345388772704458,0.0,0.17472109465985003,0.6059446036585964,False
CTR-01344-1,CUST-01344,0.7261350460639414,-0.4912696593306811,0.0,0.7562769796990403,0.6624003412497702,True
CTR-01345-1,CUST-01345,-0.23543815256310377,-0.38422083587811895,3.371030846493705,-0.33301867087704606,0.2695605873349358,False
CTR-01345-2,CUST-01345,-0.1180993352860174,0.3767348415050559,1.0,-0.27610958989796164,0.6532315908853378,False
CTR-01345-3,CUST-01345,-0.3210997957875955,0.28752907551507045,2.0,-0.6667119161648739,0.5297521646741852,False
CTR-01346-1,CUST-01346,0.5992487401669228,-0.1468041779835666,1.7899473394273882,0.2251738318695405,0.7091306464217908,True
CTR-01347-1,CUST-01347,-0.5392214702188645,0.5289255587184509,0.0,0.007647162180020511,0.5857474366575882,False
CTR-01348-1,CUST-01348,0.25499106054660386,-0.0076000227474234405,0.0,1.0364517259186363,0.7364055495116004,True
CTR-01348-2,CUST-01348,1.2058417569880748,0.8463347316477867,0.3974920549397306,1.636656235080416,0.9615360466461482,True
CTR-01349-1,CUST-01349,-1.7663313237470468,0.7684200952944152,0.0,0.3101441544934934,0.19003920618970055,False
CTR-01349-2,CUST-01349,-1.0187894110276678,-0.6814509946497366,8.0,0.4644327373024201,0.09849734912272613,False
CTR-01350-1,CUST-01350,1.2670760589170815,1.884049900864234,0.12375545312835057,-0.964445177939927,0.9415384659804835,False
CTR-01350-2,CUST-01350,0.5236567835159472,2.0521069038642947,0.0,0.4786641233770141,0.9139820491980668,True
CTR-01351-1,CUST-01351,-1.172145359579027,-0.5308057123598482,6.0,-0.026370117892338812,0.18126409990921571,False
CTR-01352-1,CUST-01352,-0.1317942740073969,-1.6245528313185464,3.9,-0.10702672402301638,0.0898064214610524,False
CTR-01353-1,CUST-01353,-0.6905455338222078,0.9098245836694339,0.0,0.33729817008104623,0.5801107871519365,True
CTR-01354-1,CUST-01354,0.6557709766818733,1.0979491153195036,0.0,0.6329593408881307,0.8598765897700525,True
CTR-01355-1,CUST-01355,0.667661691774468,1.2827850235187366,0.3575624417790302,1.6532431377670938,0.9439095278477969,True
CTR-01355-2,CUST-01355,1.721117546038856,0.772212396831339,0.46615810954497783,0.8553645184658756,0.9466739379694638,True
CTR-01356-1,CUST-01356,-0.535637994110171,1.336548658162536,0.0,0.8120902896692896,0.8297328350026357,True
CTR-01357-1,CUST-01357,0.27701618006113954,-0.20110277754380235,5.2093891898445435,1.1881202940840416,0.7310746708684056,True
CTR-01357-2,CUST-01357,0.7055997795229564,-0.1458955481366252,1.581757721689781,0.5447524031585556,0.8382152872783623,True
CTR-01358-1,CUST-01358,-0.040152184659685286,-0.24355624488764413,1.4350510369305467,-0.1125809202722235,0.6400833703707816,True
CTR-01359-1,CUST-01359,1.3576547149659286,0.38031103331580535,0.7232890725247818,0.4270490557033051,0.8934333717371725,True
CTR-01360-1,CUST-01360,-0.8987067582317465,-0.05903652439471341,4.480716514212968,-1.3451031857586857,0.2808284101613146,False
CTR-01361-1,CUST-01361,-0.49737703033323233,0.3099133690617399,2.0,-1.0628862069871337,0.4036165569617395,True
CTR-01362-1,CUST-01362,1.7803982777122838,1.1285662461175943,0.0,0.2609411725311079,0.9559268388633863,True
CTR-01363-1,CUST-01363,2.150170784788668,-0.13303148558315736,0.5073313013196581,1.1794906230860132,0.9548991527910077,False
CTR-01364-1,CUST-01364,1.4015736278990352,0.1322667013611812,2.5626521789148664,0.794072567881839,0.811381018036086,True
CTR-01365-1,CUST-01365,-1.6044636686994742,-0.2011978007123028,6.516221552231608,-1.1566153124766367,0.07421295251975124,False
CTR-01365-2,CUST-01365,-0.02811103776874091,0.03490435316226537,8.095327243558149,0.3820844091924019,0.0,False
CTR-01366-1,CUST-01366,-0.33654681854021534,0.2345122808221886,0.0,0.655791124679661,0.6198705001419649,True
CTR-01367-1,CUST-01367,0.615463931438317,-0.26244788768910293,1.0,-0.7640422823215371,0.8314609175875456,True
CTR-01367-2,CUST-01367,0.8952494980001864,-1.2452105821022152,3.19916695841752,-0.9476523830409503,0.4751384653775782,False
CTR-01368-1,CUST-01368,0.4214163639958646,1.6038761263508063,0.0,-0.03637611913841471,0.9431857508029107,True
CTR-01369-1,CUST-01369,0.19827271713936423,-1.0022920312735686,2.2179252517257613,-0.017755935748139162,0.3410713184367684,False
CTR-01369-2,CUST-01369,0.032042215706287736,0.5104931818066606,1.0,0.3922482410313396,0.7376501438002542,True
CTR-01370-1,CUST-01370,0.4814295174158988,-0.2542056729142959,0.0,0.011640641557905895,0.4614211704169637,True
CTR-01370-2,CUST-01370,-0.15413313486374947,0.8004397113015589,0.0,1.222980765572324,0.8901174562909904,True
CTR-01371-1,CUST-01371,1.1919024064769623,0.21735370342769939,0.0,-0.6418019804548807,0.8857872787916199,True
CTR-01372-1,CUST-01372,1.4484465341312722,-0.01373027745280464,0.5329796237945403,0.5531010044222949,0.8871708352664778,True
CTR-01372-2,CUST-01372,0.12444477040102464,-1.1951657466595953,1.4844299502856444,0.7202981157725662,0.34443467387969673,False
CTR-01372-3,CUST-01372,0.3879402119025583,-0.3595332417208938,0.0,0.9345329611059745,0.6114806889531224,True
CTR-01373-1,CUST-01373,-1.9089291975044573,-0.16865112382434477,9.0,0.18752487908043664,0.0,False
CTR-01374-1,CUST-01374,-1.3131428841927986,-2.173688803518492,2.7649594277457044,0.08157513079231987,0.06580680308775425,False
CTR-01375-1,CUST-01375,2.1852607152699206,-1.2486227452897087,5.681799713473048,-0.4790190158601083,0.9026197560756427,False
CTR-01375-2,CUST-01375,0.867434201387338,-0.09174309469323083,0.0,0.23775791635047341,0.6613676569280807,True
CTR-01375-3,CUST-01375,1.2728971832457967,-0.6808353251669418,2.682637708379527,0.7643019167177171,0.874406019568861,True
CTR-01376-1,CUST-01376,-1.9453710109303637,-0.678669376428534,9.0,-1.1394583156172917,0.0,False
CTR-01376-2,CUST-01376,-1.2648865804637712,-2.281961970899383,9.0,0.1162558402104178,0.0,False
CTR-01377-1,CUST-01377,1.431570759382253,1.088213406233887,0.0,0.3543683728279037,0.9025463492910071,True
CTR-01378-1,CUST-01378,-0.8371540190591147,-0.7654472340346006,0.0,-0.06115773413023418,0.09190965006185416,False
CTR-01379-1,CUST-01379,-0.8313795139804111,-0.3381994780004456,1.9518518279981678,0.8520641849769346,0.3982182195949416,False
CTR-01380-1,CUST-01380,0.7775297606025521,-0.16417835858356317,0.0,-0.9146822969439327,0.7436958412469981,True
CTR-01381-1,CUST-01381,-0.45201161530986694,-0.26625216563746756,6.443013323974371,-0.7997497930215854,0.10321488577946057,False
CTR-01381-2,CUST-01381,0.5405631948187299,-0.8446682865864825,8.0,0.3859389201491729,0.1568867749963905,False
CTR-01382-1,CUST-01382,-1.3226717661951573,0.49012804580065117,1.2019613623871823,-0.056326877635965146,0.09092806385369659,False
CTR-01382-2,CUST-01382,-1.222870226555734,-0.14886381114997038,4.868047862405924,0.19192980886644972,0.18320842517330344,True
CTR-01383-1,CUST-01383,-1.8444089981110565,-1.595848131239927,8.0,1.014283489651465,0.028882445544430237,False
CTR-01384-1,CUST-01384,0.7025250581720414,-0.3602080777178783,2.0,-1.3449884720162317,0.5049519252257013,True
CTR-01385-1,CUST-01385,-0.8447657555883091,0.9428525554449125,0.0,-0.9611841364839204,0.5201965645206992,True
CTR-01386-1,CUST-01386,1.4729375941173506,0.5505781591193655,0.0,-0.31328806156254174,0.9563218182047711,True
CTR-01386-2,CUST-01386,0.8667809972686698,-0.9497704179680528,4.222402277573113,-0.7357244167840853,0.623130786526015,True
CTR-01386-3,CUST-01386,1.4112312465696966,-1.2077179055746325,0.0,-0.35634722064123375,0.6866028327671009,True
CTR-01387-1,CUST-01387,0.12475984096105891,1.156074553800127,0.0,-0.5233892005344146,0.6672206745624466,True
CTR-01387-2,CUST-01387,-0.2306195215249883,0.5835968229487015,0.0,-0.01659377428264769,0.5085548171073209,True
CTR-01388-1,CUST-01388,-0.6795704396332128,-0.8823394531898342,5.439060431296905,-0.3827038565841267,0.10872015751845375,False
CTR-01389-1,CUST-01389,0.5661504336035423,-1.1881503940381701,7.272099416937889,0.08233293028335426,0.20567350404861756,False
CTR-01390-1,CUST-01390,0.9119596507922997,-0.38587598986051974,2.4786332249642182,0.8288197842667676,0.8347778140629791,False
CTR-01390-2,CUST-01390,0.444497712259943,-0.6075336542568701,5.728295472824688,0.7112542267830465,0.37923375510831925,True
CTR-01391-1,CUST-01391,0.6420146247502859,-0.16888372642304791,0.6044180700124038,1.5157643433656376,0.6606703624535417,False
CTR-01391-2,CUST-01391,0.31305522502250427,-0.8109489073181616,7.0,-0.4314389479426254,0.5106598999706697,False
CTR-01391-3,CUST-01391,-0.24809710220412837,0.0977376735833608,0.4617533348006869,1.2304007228480747,0.4209526392218938,True
CTR-01392-1,CUST-01392,-0.4310248123389449,-0.5591846431689939,1.9,0.5587309937292506,0.3672147745976759,True
CTR-01392-2,CUST-01392,-0.8449357185334795,-0.26881448595755136,5.746065943289018,-0.12526450092115304,0.097784704995964,False
CTR-01393-1,CUST-01393,0.3049078357177033,-1.0388806476492844,0.0,-0.34670296435432557,0.377933926852266,True
CTR-01393-2,CUST-01393,0.6345900050795777,0.5499112251499687,0.0,0.8280532831777925,0.8031149711677804,True
CTR-01394-1,CUST-01394,1.3467722131337798,0.40704621908058947,1.0,-1.1825351694558797,0.707953509226537,False
CTR-01395-1,CUST-01395,-1.369680307709138,1.2170914564285247,0.07826389354183239,0.42902408566874145,0.516366809319774,True
CTR-01395-2,CUST-01395,-1.5617817388268294,-0.3902265875649935,4.572216832062919,-0.3718786608352431,0.11101027881387454,False
CTR-01396-1,CUST-01396,-0.9130852168642171,1.543665609552591,0.0,-0.19785827569053938,0.5577233041171877,False
CTR-01397-1,CUST-01397,0.6666137867902597,-0.28620980417704145,0.0,0.9470591509288218,0.6900375503635594,True
CTR-01397-2,CUST-01397,0.17085117786050125,0.8678940189812501,0.0,-0.09427936948697346,0.7288934144062769,True
CTR-01398-1,CUST-01398,0.43802277286292723,-0.2763730984930886,2.7920640168128728,-0.11297668695503024,0.7111532199433617,False
CTR-01399-1,CUST-01399,-0.9057113284537341,-0.24088316720848127,1.0,-0.24790703164350328,0.20076512355063786,False
CTR-01399-2,CUST-01399,-2.3127324524537287,-1.1532392470520074,3.822409730379035,-0.10731911098442125,0.021117716319167656,False
CTR-01400-1,CUST-01400,0.781845539564498,1.7148156068105465,0.0,1.2145764379433388,0.9632385283180444,True
CTR-01400-2,CUST-01400,0.8020887562111922,0.9720142566961434,0.0,-0.28235969459648724,0.908760826798169,True
CTR-01401-1,CUST-01401,1.882149998762424,1.1573170586700927,1.0,1.4828353850091975,0.9907210563723156,True
CTR-01402-1,CUST-01402,0.9971087767852482,0.3091898324544602,0.0,0.6002637888129083,0.911317249945911,True
CTR-01402-2,CUST-01402,-0.7400820256357761,-0.5715202268769729,2.0,-0.9455554115221805,0.25908340507966054,True
CTR-01402-3,CUST-01402,-0.478040545602419,-0.6066685990349011,0.0,-0.5452581405754215,0.27413267962212157,False
CTR-01403-1,CUST-01403,-0.005309680362083541,-1.4272452733056658,6.668471265116969,0.39193725835566906,0.14027712687610044,False
CTR-01403-2,CUST-01403,-0.874358873405133,-1.9331644204459428,8.0,-1.0254842395461874,0.012640474967802802,False
CTR-01403-3,CUST-01403,-0.19483308133878155,-1.8447515907065872,8.9,1.1634583446965834,0.0,False
CTR-01404-1,CUST-01404,0.050451933220370906,0.0759236827867805,0.0,0.4397359711893748,0.37936706222986655,False
CTR-01404-2,CUST-01404,0.9698572720365725,0.5257828038513382,0.5363574371177934,0.3044108198365836,0.8915359894584364,True
CTR-01404-3,CUST-01404,0.49785795414803014,0.04496595012048962,0.6278531833134491,-0.023448276581955266,0.4800263395755887,True
CTR-01405-1,CUST-01405,0.5185399317311392,-1.0613283337256534,0.5809619162018793,0.1471863232997479,0.3897956666969626,False
CTR-01406-1,CUST-01406,-1.194381866122929,-0.8756947460990674,7.394363951598532,-0.2531620155980133,0.0432242026823022,False
CTR-01406-2,CUST-01406,-0.9476248734731018,-0.18204013274560382,0.0,0.16532735327911896,0.2815171148987025,False
CTR-01406-3,CUST-01406,-1.7178559500952497,-0.9716371788285815,1.3152287666346223,0.5181959072584236,0.058938078508000806,False
CTR-01407-1,CUST-01407,-1.6958906158756961,0.21656637624277866,0.0,-0.17374687994031227,0.10099170735074364,False
CTR-01407-2,CUST-01407,-1.8839097784192358,-0.9079834128810464,8.0,0.08033079762013745,0.026111595397504815,False
CTR-01408-1,CUST-01408,0.8141439763916003,1.5570392162307387,0.0,0.07627998185149343,0.9269734162559733,False
CTR-01408-2,CUST-01408,0.5696009980982077,-0.3863097944983862,0.0,0.7294976761976661,0.6532786935472902,True
CTR-01409-1,CUST-01409,1.7336727492481343,1.0408161637662228,0.0,0.2644208524374029,0.9711501423657202,True
CTR-01410-1,CUST-01410,-0.42798056148819813,0.05606686506893943,0.0,-0.22274973406444626,0.6857242631318154,False
CTR-01410-2,CUST-01410,-0.3863949442725325,0.6826186600948232,0.0,-0.29062461747341484,0.4574860124068164,False
CTR-01411-1,CUST-01411,-1.4617185709558724,-0.9187723729593187,8.0,0.5132815439111365,0.06316633940810573,False
CTR-01412-1,CUST-01412,-0.6857497905271934,-0.47815742853100546,5.0,-0.20819114296488228,0.21496545688677313,False
CTR-01413-1,CUST-01413,-0.025969715525721276,-0.05335817332563364,0.0,0.1424881190743527,0.48769132864309267,True
CTR-01414-1,CUST-01414,-0.1396250499381555,-0.5522266122288362,1.780971448202345,-0.6940484894766138,0.2708521461026207,False
CTR-01415-1,CUST-01415,1.5983731306785183,1.485507527371048,0.0,0.07343435506189849,0.9782783369950325,True
CTR-01416-1,CUST-01416,-0.5982115064567319,1.423680559246787,0.0,1.1630857117536726,0.7973131761048542,True
CTR-01417-1,CUST-01417,1.0574655273527178,-0.20202647627949114,0.0,0.07828223298123307,0.792135307868865,True
CTR-01417-2,CUST-01417,1.833601844971226,-0.11390624656868215,3.33212685183372,-1.0914222846086876,0.7670603040873241,False
CTR-01418-1,CUST-01418,-0.2534914314373036,0.7678723541398964,3.211853164668807,1.0910558087387685,0.8664655793652137,False
CTR-01419-1,CUST-01419,0.22743618314482392,-1.5098004590109524,7.591833194509918,0.36351684154585606,0.29798120383575577,True
CTR-01420-1,CUST-01420,0.09769029260170559,1.1109079881934933,0.0,0.5808747166909318,0.8434172790641031,False
CTR-01420-2,CUST-01420,0.965380578107383,1.8213265747381477,0.0,-0.1064569547343191,0.9664025363342247,True
CTR-01421-1,CUST-01421,0.2958892369488393,2.1497550141470536,2.0,-0.48212828718462597,0.897570526785406,True
CTR-01422-1,CUST-01422,-0.19847506152008482,0.2017812448516327,2.2501582302521235,0.08606744693424792,0.6797408572194021,False
CTR-01422-2,CUST-01422,-0.5667290242778662,0.44854348678079303,0.3796490441013144,-0.2532390692639527,0.3889078294710675,False
CTR-01422-3,CUST-01422,-0.5375088340696632,-0.1362367952672386,1.0,-0.3631633787989728,0.29544244569000205,False
CTR-01423-1,CUST-01423,-0.43474851060904834,0.04743501103254555,0.0,1.2055982145794186,0.5120129383683096,True
CTR-01424-1,CUST-01424,-1.307932627061984,-0.22328383578522198,1.0,-0.16144508668671187,0.1731566425173678,False
CTR-01425-1,CUST-01425,-1.0084738853508612,0.7920453509818732,0.0,0.7986850327029736,0.20062412846492073,False
CTR-01426-1,CUST-01426,-0.06064034485660785,0.0013086812832372452,0.0,1.0873170316944971,0.7997824826719503,True
CTR-01427-1,CUST-01427,-0.15113640811369955,-0.47975817904288637,4.382483967891577,-1.2620782039229734,0.20934569831425479,False
CTR-01428-1,CUST-01428,-0.9192811649872161,-0.8476678132924936,5.362448213319477,0.45745201261455715,0.08401054297464473,False
CTR-01428-2,CUST-01428,-1.139802529445163,-1.5674473687723536,7.0,-1.2659856732603652,0.011729031810231771,False
CTR-01429-1,CUST-01429,-0.5081193967392865,-1.3131716111293676,1.9539227671045216,0.18601122768040768,0.1340987592964099,False
CTR-01430-1,CUST-01430,1.7747511783786902,1.5470800536974751,0.35806380187732456,0.4856503787757201,0.9759064546558779,True
CTR-01431-1,CUST-01431,-0.47108097605340116,-1.538107058559205,4.804151320088842,-0.48796246404843036,0.15722696181881926,False
CTR-01431-2,CUST-01431,-0.16225186203395325,-0.49952084133385916,8.0,-0.04675391385366795,0.2950526816690889,False
CTR-01432-1,CUST-01432,1.3446047452765768,-0.4944054101942704,0.0,1.3019314251040355,0.8859856488429488,True
CTR-01433-1,CUST-01433,1.3278303921562955,-1.2016475470600807,2.0955712095962653,0.6746336095289011,0.6394348694256377,True
CTR-01433-2,CUST-01433,0.1292972386939555,-0.6180914293339941,0.3705320027204382,1.462898188011291,0.7430245172988528,True
CTR-01433-3,CUST-01433,1.36964618956568,-2.1598240551404775,8.0,-0.6872948724002044,0.45433127143785007,False
CTR-01434-1,CUST-01434,-0.1024362420060359,1.8217620305486113,0.0,0.45500889348961726,0.8873681662734474,True
CTR-01434-2,CUST-01434,-0.4382210775196904,2.1679370921184966,0.0,0.018183131933696584,0.8749401488000669,True
CTR-01435-1,CUST-01435,-0.20504431132521875,-0.42067755018671116,2.9008546973202414,0.681320800885969,0.14939507563379806,False
CTR-01436-1,CUST-01436,0.08036275914673624,0.13677206299668193,0.0,1.8355411351826947,0.7093966089420218,True
CTR-01436-2,CUST-01436,-0.8555402208946465,0.4420706586793328,5.0,0.5340999145427664,0.3349933244899944,False
CTR-01436-3,CUST-01436,-1.2032483800227722,0.4133672981100517,1.0,0.042592825542032045,0.24366061184379426,True
CTR-01437-1,CUST-01437,-0.6554164298598442,-0.23842247619739942,1.0,1.0022580166464379,0.23019877557920976,False
CTR-01438-1,CUST-01438,0.8991975145383012,-0.8936150964848366,3.5745573923353176,0.45904999195917895,0.5322768825461687,False
CTR-01438-2,CUST-01438,0.8714311969741957,-0.8595199497460834,3.001990570770854,-0.06566960012116219,0.6063789284257809,False
CTR-01438-3,CUST-01438,0.7929934007784284,-2.033351883046424,8.0,-0.6480126609979427,0.38045184179276736,False
CTR-01439-1,CUST-01439,1.5923157111053827,-0.5932157842634981,0.7247292732179251,-1.0748040222954405,0.7362014406128679,True
CTR-01440-1,CUST-01440,0.07042380572404616,-1.1306135771915453,3.415762388226064,-0.32942342292330495,0.05549613412024338,True
CTR-01441-1,CUST-01441,0.38879996021856245,0.24343753567225812,0.0,-1.048555313235892,0.3507495577811311,True
CTR-01442-1,CUST-01442,-0.989555084242564,-0.7970434697509408,5.0,0.3694125209534802,0.11664456122275042,False
CTR-01442-2,CUST-01442,-0.8274176915752077,-0.662829179460776,4.470825687245794,-1.555144969732427,0.06554999567489797,False
CTR-01442-3,CUST-01442,-1.405669467755298,-0.9030375931204191,0.49499126307692887,-0.4687863842520238,0.1330453217606576,False
CTR-01443-1,CUST-01443,-3.231595670017671,-1.7475550118273548,5.0,0.6160521592775151,0.006811992868391202,False
CTR-01443-2,CUST-01443,-3.158192544365356,-0.45607961282615483,9.0,0.08017269688604764,0.0,False
CTR-01444-1,CUST-01444,-1.42367057238239,-1.3300140736404416,7.0,0.283644228133186,0.0607766044962463,False
CTR-01445-1,CUST-01445,1.8165400480989904,1.108546073103593,0.030000000000000027,0.9339413874924568,0.9744383594117352,True
CTR-01446-1,CUST-01446,-0.010352398952083952,-1.1919762036789023,6.306722450114175,-0.5379514264364913,0.07891959951863312,False
CTR-01447-1,CUST-01447,-0.12712957142395453,0.29062780201330307,1.0,0.9987394281607844,0.6993256000961364,False
CTR-01448-1,CUST-01448,0.55347942743571,0.43347506285406734,1.0,0.7704917370364409,0.8760919850371943,True
CTR-01448-2,CUST-01448,1.8639489953500141,-0.43199839605831675,0.0,-0.975571894884007,0.8833005745679582,False
CTR-01449-1,CUST-01449,-1.4845185504189542,-1.242371133564549,6.165736041252669,-0.2501329767859921,0.023318630289747982,False
CTR-01449-2,CUST-01449,-1.0862746687587417,-0.9002975922081011,2.720910753247457,-0.019692376173792252,0.09656566890436345,False
CTR-01450-1,CUST-01450,-0.060507913942766334,0.4936968767776728,2.0,1.3084203407921793,0.6585258539624329,True
CTR-01451-1,CUST-01451,0.6436225112881292,-1.3321173492012326,3.058773796409552,-0.3290466883588684,0.25582298870449605,False
CTR-01451-2,CUST-01451,1.0078071959508819,0.564884271966891,0.0,-0.8757036988504416,0.7511503003988089,True
CTR-01452-1,CUST-01452,-1.341715765881124,-0.2087477242035172,6.168956392621119,-0.13582381084352824,0.08844544713864079,False
CTR-01452-2,CUST-01452,-0.45352715664047344,0.23911494972286984,0.0,1.1816290020362428,0.5768508827387308,True
CTR-01453-1,CUST-01453,0.8989403146037248,-0.04539545503783837,0.23961203296749778,-0.46152529232285333,0.7127983820940005,True
CTR-01453-2,CUST-01453,1.4411012281502968,1.2199249594956854,1.817883220653815,-0.02900424643105233,0.9652749537475291,True
CTR-01454-1,CUST-01454,0.5368421974353815,-1.1770171084103689,0.58647897657067,0.12464433980047002,0.5863558408027313,True
CTR-01455-1,CUST-01455,1.1940141103105733,-1.0150877935998097,0.0,-1.3956262353447124,0.5034705608599962,True
CTR-01455-2,CUST-01455,0.5987490961553368,-0.9875931801486562,2.786594231872859,-1.0622173198729916,0.38830827482870234,False
CTR-01456-1,CUST-01456,0.5542267848270299,0.405362097168954,1.2343218133360603,-0.6255681474131698,0.8806128844203763,True
CTR-01457-1,CUST-01457,0.03576490834925594,-0.030185214651069936,0.0,0.5755189390096489,0.480163891266008,True
CTR-01457-2,CUST-01457,0.16090570835999224,1.6722466488138301,2.0,-0.39842660426640625,0.8191960827658523,True
CTR-01458-1,CUST-01458,0.18708735857496517,1.39822794396158,0.29953001106290655,-0.7411180313343709,0.9032337952522229,True
CTR-01459-1,CUST-01459,-0.8752937670133196,0.4400381920186494,0.0,-0.12275023313914435,0.4029495159651774,False
CTR-01459-2,CUST-01459,-1.1919980138832265,-0.16472456114125478,7.0,-0.43473303972165234,0.08876784372467672,False
CTR-01460-1,CUST-01460,-1.7535459292814704,-0.9966859411837274,0.7293124879651796,0.09538926275722001,0.023564326539477782,True
CTR-01461-1,CUST-01461,1.2355970371349971,-0.19825571244907308,0.0,-0.09710142926570867,0.7502248139957209,True
CTR-01462-1,CUST-01462,-2.0175779764857857,-0.3348041927739765,8.0,-0.6647628210011046,0.015851360112541717,False
CTR-01463-1,CUST-01463,0.019090584814321583,-0.3764940384087663,2.0,0.540202119945741,0.3251094032774447,False
CTR-01463-2,CUST-01463,0.337751526617586,-0.46699714954675464,1.0,-0.7810185181071474,0.35932619478626576,True
CTR-01464-1,CUST-01464,-1.6883976947740815,-1.6916156650443717,8.0,0.16049479972640385,0.02896464033064665,False
CTR-01464-2,CUST-01464,-2.5962553261485763,-0.7606834089119276,6.296729465773385,-0.3848447364697979,0.009626710813405307,False
CTR-01464-3,CUST-01464,-1.5400541451346577,0.3077485058304035,1.0,0.4740828287683201,0.2708719339475141,False
CTR-01465-1,CUST-01465,0.08744151645755882,-1.6977920385220386,7.0,0.4446796136843454,0.12910542378886355,False
CTR-01466-1,CUST-01466,0.5206268278007132,0.9724780616037494,0.0,0.5892124509342771,0.916280383614233,True
CTR-01467-1,CUST-01467,-0.47702816410556403,-1.5326590262903756,2.0,0.005026042521159901,0.16029488978684284,False
CTR-01467-2,CUST-01467,0.7992711693891035,-0.6230057513149534,0.6972446950145237,-1.0677266406415142,0.6216772826188337,True
CTR-01467-3,CUST-01467,-0.47844176963724055,-0.28598005551491196,0.0,-0.5220713428297361,0.32399137121520943,True
CTR-01468-1,CUST-01468,-1.544618153518156,-0.34595589193924314,6.0,0.737756742225915,0.08294598160760784,True
CTR-01469-1,CUST-01469,1.8438383058851247,-0.3795753445381749,0.0,1.1144557886076156,0.8984124241049228,True
CTR-01470-1,CUST-01470,0.5764349347241828,0.12702900381749865,0.0,-0.08764023059225051,0.7908221776665503,True
CTR-01471-1,CUST-01471,0.29755804575872247,0.3734757494686703,1.0,1.1822467964533105,0.6683127233873561,False
CTR-01471-2,CUST-01471,0.18121407812770385,1.5128134077837405,0.0,0.05895924878796438,0.9329001827091139,True
CTR-01472-1,CUST-01472,-2.040266626550747,-0.3166221116932688,6.385760966337109,-0.7801737175749393,0.013751603967263057,False
CTR-01472-2,CUST-01472,-2.674061552789955,-1.4070553517128699,8.555187771835673,-0.08019065601438047,0.0,False
CTR-01472-3,CUST-01472,-2.108397714330512,-1.167509052410284,4.0,-0.6885170869713617,0.011331158039765856,False
CTR-01473-1,CUST-01473,-0.024531705811189686,-0.1552079082486854,0.0,1.9335845582147013,0.6782447095197164,True
CTR-01473-2,CUST-01473,0.22949467916073824,1.053131507936877,0.0,0.3478938520391901,0.78461777003611,True
CTR-01474-1,CUST-01474,-1.7527974865443252,0.08685717082653077,4.706358848858241,0.17349231666100567,0.10963497040935713,False
CTR-01475-1,CUST-01475,0.2668423888530242,-0.3604976693914479,1.0,0.2824333485730739,0.44847023715782375,False
CTR-01476-1,CUST-01476,0.10896807995645624,-0.5198286221461095,6.0,0.2720704206761039,0.1984080146586567,False
CTR-01476-2,CUST-01476,-0.024620577954993644,-0.6121769900300771,0.0,-0.9837675983827848,0.5165786316881167,True
CTR-01477-1,CUST-01477,-0.5637013802959789,0.7148923991791801,0.0,0.4867818492705754,0.41144917321605573,True
CTR-01478-1,CUST-01478,1.4501837072636994,2.2664550502792817,0.0,1.4354743539917025,0.9774842601350405,True
CTR-01478-2,CUST-01478,1.6450685086941166,2.7566547666837824,0.0,-1.4076655429804066,0.971581471172143,True
CTR-01479-1,CUST-01479,-0.11727708748272003,-0.3243860958325827,2.4555674892533426,-0.35469993469154276,0.34850598676483363,False
CTR-01480-1,CUST-01480,-0.7365446996499323,1.1516650510834272,0.0,-0.18079142594814293,0.6374990145597076,True
CTR-01481-1,CUST-01481,0.47302987705692967,-0.7299578752991744,4.0,0.7910506217863382,0.6816905603127008,True
CTR-01481-2,CUST-01481,1.3958351188873144,-0.1559443097602482,0.5664825260631563,0.9525091704258672,0.9110534511277797,True
CTR-01482-1,CUST-01482,0.6528073551604567,-0.7763856750580475,0.0,1.1774122077945592,0.6179578258006371,False
CTR-01483-1,CUST-01483,-0.3800063924633863,0.46577822916868045,0.0,0.77800852833441,0.7666972956872783,True
CTR-01484-1,CUST-01484,-1.1900437645480024,-0.49634061534817286,4.194444741646011,-0.8458459943310113,0.0453192196194914,False
CTR-01485-1,CUST-01485,0.4806715854876912,1.0901883982039848,0.0,0.07949835891467935,0.7912011398843121,True
CTR-01485-2,CUST-01485,-0.16662845958599062,-0.3980758715135495,0.0,-0.6738862448475086,0.40023767763479867,False
CTR-01486-1,CUST-01486,-0.49121765815535556,1.372262214755555,0.0,-0.49143592035892364,0.6433386646176488,False
CTR-01487-1,CUST-01487,-0.3768649006520027,-0.340602241724116,1.620660002408654,0.30280496033313786,0.2347625127720733,False
CTR-01488-1,CUST-01488,0.2737393907848191,1.3814648367421332,0.0,-0.7293489562861069,0.7805425766496625,True
CTR-01489-1,CUST-01489,0.03171299316891482,0.6699054787891159,0.0,0.6571472807979069,0.8403642430936425,True
CTR-01490-1,CUST-01490,-0.15829075151469713,0.7735507709375297,0.0,0.20184558681309756,0.6440752671512914,False
CTR-01491-1,CUST-01491,-0.6569223242476318,-0.3192069120582076,1.6250763290952435,0.2270681189888603,0.4967901566827685,True
CTR-01492-1,CUST-01492,0.2504130319370852,-2.378023765322938,1.6393979701821266,-0.5141836173211292,0.11460966164577696,True
CTR-01493-1,CUST-01493,-1.674307921623901,-0.43180804938548134,5.412641778861593,0.4279637895972155,0.17292194366396355,False
CTR-01494-1,CUST-01494,-0.1744145406999834,0.24209200173052814,2.4309249641149795,-1.071610155989251,0.49217900010698346,False
CTR-01495-1,CUST-01495,0.18713621956440707,0.92687793680301,0.08327863243539024,0.25825478409032215,0.8064712410010745,True
CTR-01496-1,CUST-01496,1.1475788274762375,1.1680054874664565,1.0,-0.42496169902337955,0.9417676297872608,True
CTR-01497-1,CUST-01497,0.5369868660754171,2.504024238444555,0.0,-0.48424706290653324,0.963752071409689,True
CTR-01498-1,CUST-01498,0.06155219995386951,0.4156818551075176,1.589950222970458,-0.23495343464222754,0.5504414429255392,True
CTR-01499-1,CUST-01499,1.0527633938109255,0.8825051514644701,0.0,0.7870843624520745,0.9658103124787917,True
CTR-01500-1,CUST-01500,-1.0292399865674144,-1.0870434551875172,9.0,-1.191702653545239,0.0,False
CTR-01501-1,CUST-01501,-1.275226600342949,2.704478361081204,0.0,0.7574130233805149,0.8792788400307373,True
CTR-01501-2,CUST-01501,-1.9200544146058056,0.9077098512764583,2.243606510031449,0.7230156974384254,0.4576299711022722,True
CTR-01502-1,CUST-01502,-1.0468019474799433,-0.08777858602753319,3.6034722854938623,0.5490148311110997,0.08477812602364168,False
CTR-01502-2,CUST-01502,0.5326842737763914,-1.599431316646113,8.0,-0.20367869689077212,0.20957492734876731,True
CTR-01503-1,CUST-01503,0.7158256144158698,2.798577833858376,0.030000000000000027,0.5015696830597418,0.9796742780921589,True
CTR-01504-1,CUST-01504,-1.1783906862699132,0.11963500286029385,6.0,-0.793001767772298,0.14952404398179214,False
CTR-01505-1,CUST-01505,-1.587762760916271,-0.5198460048994754,4.042427692418719,0.5664424667904692,0.03422836184993501,False
CTR-01506-1,CUST-01506,1.6806949388328183,-2.00531436432908,2.2222130391872046,-0.42332959170600604,0.5424805637305189,False
CTR-01507-1,CUST-01507,0.99550630510943,0.7399411036763845,0.0,0.008782634486540484,0.8835471456418209,True
CTR-01508-1,CUST-01508,-0.007082831519293203,0.1616193954494807,0.0,-0.02252248816272194,0.5395425274180211,False
CTR-01509-1,CUST-01509,-0.7595028438370117,-1.1549273467524415,0.0,0.9904319249500755,0.09661585874375841,False
CTR-01510-1,CUST-01510,-0.4270312921572363,0.47713542176572543,1.0,-0.16900469412101005,0.44527855033866315,True
CTR-01511-1,CUST-01511,0.9404966424794503,-1.6608547535019642,3.4217257735679225,0.9582907842928238,0.5662391900735232,False
CTR-01512-1,CUST-01512,-0.7286839694121915,-0.5545107597905464,5.882753727674574,-2.008132522960787,0.05921440113338981,False
CTR-01512-2,CUST-01512,-1.3723880178394134,-1.8260255211137162,1.552888706855498,-0.8234403487499622,0.04332362983288331,False
CTR-01513-1,CUST-01513,0.5989525122983954,0.45695649026747986,0.0,-0.6828812312283229,0.5756868292195434,False
CTR-01514-1,CUST-01514,-0.3965367770991327,-0.133859842130791,7.479720094995381,0.6341453128547354,0.16366331488147826,False
CTR-01514-2,CUST-01514,-0.32303238039781107,0.6681627331491735,0.0,0.5862831887493434,0.774346878083032,True
CTR-01515-1,CUST-01515,-0.9681899969569274,-1.3389247892487346,2.759368293908918,-0.6088968455982811,0.09899666639894095,False
CTR-01515-2,CUST-01515,-0.3822758364124831,-0.6554711519061523,0.0,0.4704342441981111,0.3490013011637483,False
CTR-01516-1,CUST-01516,-3.7298730445636217,-1.2519746469120911,4.880083193612787,0.6158322145204719,0.002756943771084085,False
CTR-01517-1,CUST-01517,0.6645896992460295,0.6830655404975248,0.5197611921804001,0.2975210263768062,0.8330054906651824,False
CTR-01518-1,CUST-01518,0.5047277492902467,-0.3035251351131618,1.7380677666121218,0.09158409970009027,0.6339298858891067,True
CTR-01519-1,CUST-01519,0.01311665713029355,0.7289860340716742,1.0,-1.7201738356582739,0.6612367079479843,True
CTR-01520-1,CUST-01520,-0.3651886945372118,0.4229529042126827,0.0,-0.917074306179306,0.2795131254986421,False
CTR-01521-1,CUST-01521,0.14038289114927766,-0.3046630498263471,0.0,-0.4234025994809404,0.46167126596283076,True
CTR-01521-2,CUST-01521,1.280074816138724,-1.6227315854449111,8.442257467661515,1.0076470528469061,0.0,False
CTR-01522-1,CUST-01522,-1.242439823575768,0.4702465226758171,1.0,-0.3489367014180971,0.3316272947462429,False
CTR-01522-2,CUST-01522,-0.8993750796815722,0.4495587882135321,1.0,1.6575498433172808,0.42148945760332784,False
CTR-01523-1,CUST-01523,0.5176636313695909,0.6828637047221051,0.0,0.19475183675219765,0.9595036077339077,True
CTR-01524-1,CUST-01524,0.2812399648830008,-1.2361441946085059,3.7700755440442735,-0.8884636751216528,0.2767104673536104,True
CTR-01524-2,CUST-01524,0.8830193245117065,-0.861675362536135,0.8337949457209252,-0.46339121520978815,0.6983251217701993,True
CTR-01524-3,CUST-01524,0.060266454434607875,-0.2235322661732011,1.4545239565291457,-0.4196756333333131,0.3328023691625378,True
CTR-01525-1,CUST-01525,-0.1432214603823168,0.8932714874060278,0.0,-0.08270631638119136,0.6393933787821733,True
CTR-01526-1,CUST-01526,-0.01675868137437661,-0.0993330000529759,3.390033982122147,0.4257579029777837,0.2268212957979837,False
CTR-01527-1,CUST-01527,-1.4586547132649064,-1.0046733015973741,7.0,-0.2053683155035742,0.017453319591497693,False
CTR-01527-2,CUST-01527,-1.0588199430027552,-0.08710304539748015,2.0,0.13538799129647738,0.1608389049128183,True
CTR-01528-1,CUST-01528,1.1898123800325247,0.24186630111247998,0.0,0.25189489439016366,0.769305970898164,True
CTR-01529-1,CUST-01529,-1.8339494856201606,-1.405839784640158,7.082381220844021,1.4824955419499979,0.017603049905036732,False
CTR-01530-1,CUST-01530,0.37423881245489615,0.027539542409179957,0.40498026211664007,-0.25340289063856003,0.798744799964306,True
CTR-01530-2,CUST-01530,-0.16515061587046528,-1.0582937505954082,2.283086658793695,1.4496380340912847,0.5073089374062953,False
CTR-01531-1,CUST-01531,1.0772857128423612,-0.1436186825790026,0.0,1.0424042440647492,0.7391434067639037,False
CTR-01532-1,CUST-01532,-0.4931557533900386,-0.12838604096793127,2.0,0.26974261046258474,0.4446944513724317,False
CTR-01532-2,CUST-01532,-1.3755866182095295,-0.6925851805921004,7.1235655773134035,0.19336602016420035,0.0898612048406783,False
CTR-01533-1,CUST-01533,0.8234056825818514,1.1719167712457028,0.0,0.960881624907399,0.9331807938158148,True
CTR-01533-2,CUST-01533,-0.5663793525151529,0.8413885261537043,1.0,0.7456023613982017,0.5431800134758648,True
CTR-01534-1,CUST-01534,-2.486792795935596,1.0343793588666934,4.106469566850967,-0.35767470445795096,0.08219314936812695,False
CTR-01535-1,CUST-01535,2.0678373266123495,0.015288435528593713,0.8759486339922152,0.01924988726358795,0.9534360241281494,True
CTR-01536-1,CUST-01536,-1.308770588134141,-1.1666129036622026,6.452806882429174,-0.2489417596667071,0.03712007123408213,False
CTR-01537-1,CUST-01537,0.7467616446314054,0.932661177858064,0.0,-1.1295193083198414,0.8537191676130096,True
CTR-01537-2,CUST-01537,-0.01092128209544918,0.9741257804430539,0.0,-0.38343639683342895,0.8251966687569837,True
CTR-01537-3,CUST-01537,1.1497287735483117,0.5159548922408604,1.0,1.134933699621985,0.9413601518406921,True
CTR-01538-1,CUST-01538,0.9199245563515844,1.273099814123209,0.06987236063786106,0.5142911818888916,0.9318262377440963,True
CTR-01539-1,CUST-01539,0.9287603655356865,-1.4683774863274912,8.0,0.2676371054675838,0.5982931179329898,True
CTR-01539-2,CUST-01539,0.22509340821633222,-1.1673260113883324,8.0,-1.221761238217083,0.1872395188853572,False
CTR-01540-1,CUST-01540,0.1226912013023772,-0.8218534047641942,3.0,0.32898797430558097,0.23889563551549,False
CTR-01541-1,CUST-01541,-1.0920369683638087,1.29186499596292,1.34433395897415,-1.3519535364921216,0.30124508154519347,False
CTR-01542-1,CUST-01542,1.2767862703663782,0.5763732401034232,1.1601049811424728,0.2809910280980493,0.7898690889023336,True
CTR-01543-1,CUST-01543,-0.39305361627244717,0.2803671375729493,1.0,-0.876686305586576,0.5213575158414057,False
CTR-01544-1,CUST-01544,-0.837024379948595,0.6709030791829674,2.4578667983705147,0.6228821579246344,0.43583190084437584,False
CTR-01545-1,CUST-01545,0.01081914576742804,-0.8973044423980823,7.985250626942859,-0.38907644664871466,0.19348710992212087,False
CTR-01546-1,CUST-01546,0.37451492537671716,-0.5191683140699451,0.6811811365557489,0.42086756541486425,0.5313137901895563,True
CTR-01546-2,CUST-01546,0.10373407414771174,0.13920324701762232,0.0,0.66402375767062,0.6379617460992336,True
CTR-01547-1,CUST-01547,1.0989541286101916,0.9046575284989373,0.0,0.22661567660050141,0.8912009163773181,True
CTR-01548-1,CUST-01548,0.9444151142361412,0.10150733896427222,0.0,0.12171377058455635,0.7583148101909272,False
CTR-01549-1,CUST-01549,-0.751812232149072,0.9021655367941475,4.0,-0.7443907947547611,0.36827119491548066,True
CTR-01550-1,CUST-01550,-1.2955081222594758,-0.5197868948230906,8.0,-0.9688891304395083,0.022436102902044078,False
CTR-01551-1,CUST-01551,0.3466533549117479,0.7182685886204061,0.3721400449836445,-0.0926000223400606,0.7276536332286387,False
CTR-01552-1,CUST-01552,0.826473060512095,1.492460947547288,0.0,-0.7522103282445319,0.8568011034962916,False
CTR-01552-2,CUST-01552,0.37800600398304335,1.1611268691940761,0.12856524283928783,0.05938714752666496,0.7894958101733337,True
CTR-01553-1,CUST-01553,1.1681431499027515,-0.08045050289528277,0.0,0.49338459698691445,0.8065593222541833,True
CTR-01553-2,CUST-01553,1.102718909726293,-0.19422471520160753,0.0,-1.4314639889421636,0.8172658729273401,True
CTR-01554-1,CUST-01554,1.1078768479008698,0.7410598842881876,0.0,-0.6555691347206785,0.9136063578130788,True
CTR-01555-1,CUST-01555,0.37982727957318385,2.067721813269311,0.0,0.19827320618264052,0.9679724031534458,True
CTR-01555-2,CUST-01555,0.8957152004309975,1.0870464024662567,0.0,0.6116192027641305,0.8837914562252261,False
CTR-01555-3,CUST-01555,0.6852780634954219,1.5570532373311896,0.0,0.6224077751685713,0.9510131016865704,True
CTR-01556-1,CUST-01556,1.1600786975221227,1.6932225797904779,1.0,0.5036981660247741,0.9545717920588765,False
CTR-01556-2,CUST-01556,0.8703477130660613,0.5841733174692132,2.978561736850255,-0.9827990204478221,0.8543840714932578,True
CTR-01556-3,CUST-01556,2.163136214812128,1.0713552715776535,0.0,-0.8197822011618723,0.976545338007161,True
CTR-01557-1,CUST-01557,-1.305862318110746,-0.06897970103902071,0.0,0.49116707256797326,0.16319596321470126,False
CTR-01558-1,CUST-01558,-1.3910447794195833,-1.9616123782588255,8.0,-0.786460519782013,0.03751624425239079,True
CTR-01559-1,CUST-01559,1.5615312484533048,-1.5444744951131177,8.406069167078988,0.11366566635182618,0.0,False
CTR-01559-2,CUST-01559,2.035084946585788,-1.6651288940089188,2.8806259136564685,-0.32780425569932437,0.6296826090105704,False
CTR-01560-1,CUST-01560,0.0410665515802949,-1.2602016587396014,1.078127913817148,0.12365064611286053,0.4983764183257912,False
CTR-01560-2,CUST-01560,0.7557217272153804,-0.5660481258915693,0.0,1.587363736880453,0.8555412543342014,True
CTR-01561-1,CUST-01561,0.0919524050128443,2.463104947697489,0.0,-0.025195439239799167,0.923289930826311,True
CTR-01562-1,CUST-01562,-0.047556996978649124,-0.2471269330375827,0.0,-1.6042577454333076,0.24099326921059955,False
CTR-01563-1,CUST-01563,-0.8345220895410702,1.2419297980269546,0.0,0.28851870429423243,0.27493199282709263,False
CTR-01563-2,CUST-01563,-0.3284527843892499,1.6336718560304497,0.0,0.7636227483533597,0.6887952135838109,True
CTR-01563-3,CUST-01563,0.13168980985950385,1.1127446444414215,1.0,-0.20941423254839364,0.6960889576331879,True
CTR-01564-1,CUST-01564,-1.732784560143648,-1.591343581467573,6.0,-0.42839694583931187,0.036003231176110276,False
CTR-01564-2,CUST-01564,-1.7043059667430072,-1.7135072015033879,9.0,-0.7601913643107536,0.0,True
CTR-01564-3,CUST-01564,-0.5438741830104431,-0.577523748486253,2.0,0.2351363042914987,0.2828378618691308,False
CTR-01565-1,CUST-01565,-0.3249439747502041,0.17230538826771347,0.0,-0.3354943348267775,0.4428846624058105,True
CTR-01565-2,CUST-01565,-0.6924302735528186,0.0783018430611719,0.0,-1.2591537943908566,0.4697130089981363,False
CTR-01565-3,CUST-01565,0.23255389227093431,-0.9704450106960336,7.121582934819753,-0.7839403811080319,0.09348606289019853,False
CTR-01566-1,CUST-01566,0.10650894856444995,0.6788621400383251,2.0,-0.39414979592555555,0.6960983840528296,True
CTR-01567-1,CUST-01567,0.403509205348341,1.496023441653413,0.0,-0.7242022382784875,0.9010057988532455,True
CTR-01568-1,CUST-01568,-1.1147374217924912,1.7503285679123168,2.0,0.6970290093026362,0.5870853114152155,True
CTR-01569-1,CUST-01569,-1.0306186189261795,-0.35556373166750943,5.0,0.3441742921757339,0.08555837940064713,False
CTR-01570-1,CUST-01570,-0.7206726519709369,-0.9200225107883625,7.607168048588882,0.25807085784678485,0.2500934679257525,True
CTR-01571-1,CUST-01571,-0.5553452892513853,1.0490346461680589,0.0,0.5683052693633825,0.6490564102450804,True
CTR-01572-1,CUST-01572,-1.052846045673886,-0.9533053613197716,3.8041549771312617,-0.6742567374800081,0.04745153100685408,False
CTR-01573-1,CUST-01573,-0.688150737498801,0.06743979373986986,1.0,0.0007771384999675224,0.22812589571630648,False
CTR-01574-1,CUST-01574,-1.852195651591506,1.0944333094583463,0.0,0.47341637756148436,0.2531119304730579,False
CTR-01575-1,CUST-01575,-0.6362288472713327,1.3077111329141382,1.0,0.014121767314223682,0.7485256573734919,True
CTR-01575-2,CUST-01575,0.04276422762034959,0.7938924929796027,0.0,1.0567111944639382,0.7840238397395314,True
CTR-01576-1,CUST-01576,-1.4268227844243375,-1.797152316941489,8.0,-0.11818731923365194,0.01185365316842719,False
CTR-01577-1,CUST-01577,-0.44252230328187725,0.3971000069446066,1.0,-0.5922700330369498,0.6112572086240821,True
CTR-01577-2,CUST-01577,-1.8295573055659038,-0.03923302919989052,5.0,-0.8334028869694609,0.03215760966886518,False
CTR-01578-1,CUST-01578,1.3908138542509478,-0.9973167504442719,1.0,0.15425190362272875,0.46817035440116356,False
CTR-01579-1,CUST-01579,2.510908620367774,-0.1496310019649731,0.0,1.7075359830605175,0.9859938570464637,True
CTR-01579-2,CUST-01579,2.297153109907451,-0.1620355920801982,0.0,-0.7761357462693983,0.9294202145732496,True
CTR-01580-1,CUST-01580,2.2034038138157244,1.1357813413951292,1.4297439124791516,0.8705309179890571,0.9538482620581045,True
CTR-01581-1,CUST-01581,1.9552443814051053,0.3224208553257335,1.6499720187532025,0.37567208638223226,0.9435311012182968,True
CTR-01582-1,CUST-01582,-0.5524474482057944,-2.00614422235186,8.0,-0.1912762180201318,0.04694863506931626,False
CTR-01582-2,CUST-01582,-1.0188406640511074,0.5215193717053873,4.599214762182548,-0.8222750857492515,0.09778909011364026,False
CTR-01583-1,CUST-01583,-1.0766806472302757,-0.27180626632854343,8.0,0.11181106329536344,0.16796958150870658,False
CTR-01584-1,CUST-01584,0.7853286265403571,-0.7397503351155839,8.0,-0.4063050451303082,0.5285486917077484,True
CTR-01584-2,CUST-01584,0.03850191122502586,-0.8617014818715484,6.764682354920357,0.6843884994634584,0.2129523131145526,False
CTR-01585-1,CUST-01585,-0.7850771395504047,0.007982578716026104,1.5411468680019504,-0.6777222511394003,0.3552790832427536,False
CTR-01585-2,CUST-01585,-0.6410780120102804,0.4164257124073608,0.0,0.9545323812719961,0.5123017499756638,False
CTR-01586-1,CUST-01586,1.412969948464601,0.7600148993301821,0.0,-2.2565810304041167,0.9304050662138161,False
CTR-01587-1,CUST-01587,0.8119840634876112,0.42347742856673865,0.4613478911390855,-0.11025730145954003,0.6737196084416905,True
CTR-01587-2,CUST-01587,1.9297454179547602,0.49395082923319555,0.27597913237500493,-0.03634040947368719,0.9329046641865073,True
CTR-01587-3,CUST-01587,1.1542212551060027,-0.1953676143721913,4.146285124203703,-0.026554574287231902,0.8368882461420337,True
CTR-01588-1,CUST-01588,-0.8198624649996252,-2.544827640386168,6.29205396499462,-1.5468233806821519,0.014469849939532037,False
CTR-01588-2,CUST-01588,-0.7998635056308805,-0.6367615401106306,6.0,-0.4946617499987493,0.05558916272252483,False
CTR-01589-1,CUST-01589,-0.6830704968972967,-1.189433408205733,5.298262986640626,-0.15740101183457614,0.13745327996962198,False
CTR-01590-1,CUST-01590,0.3659571354327455,1.1672153601447088,0.0,1.2607361745489818,0.8566850036009246,True
CTR-01591-1,CUST-01591,-0.6656125618368289,0.26250741436007125,0.0,0.04763390357069164,0.552572340372931,False
CTR-01592-1,CUST-01592,-2.0335316463369084,-1.4525704493433063,4.156705488602116,0.44865940453186604,0.028256910087539954,False
CTR-01593-1,CUST-01593,-0.47818405457380747,0.7148123019212904,0.0,1.0252618822515327,0.5622272083506609,False
CTR-01594-1,CUST-01594,0.201732957657557,0.6835001617177557,0.0,0.04230780452548964,0.787840933723142,True
CTR-01595-1,CUST-01595,1.2043487165865692,-0.5692044943394574,3.5885123623307855,0.5697996246606818,0.7630775798778892,True
CTR-01595-2,CUST-01595,0.3805758673392716,0.8779537708881545,0.0,-0.9772461454697172,0.868446541669839,True
CTR-01596-1,CUST-01596,0.6200278487801709,0.2068260161434386,0.6450302936001154,-1.2829673257347225,0.7309985121637486,True
CTR-01597-1,CUST-01597,-0.10868060829647147,0.27183825166851455,0.0,-0.37892985819793046,0.41108453133765827,True
CTR-01597-2,CUST-01597,0.31778195961471495,0.21603152520648872,0.0,0.8826808447281258,0.5808739664412739,True
CTR-01598-1,CUST-01598,-0.1684855596587403,-0.862289895632913,2.198947955084627,-0.813230411985396,0.3177929348986871,True
CTR-01599-1,CUST-01599,-1.1302561974412786,-0.6656555112083683,3.637467020635843,0.6483409614937046,0.2986545204598716,False
CTR-01599-2,CUST-01599,-0.8463398503484385,0.10592604312277065,1.0,0.24411874767541952,0.2217124620164944,False
CTR-01600-1,CUST-01600,-0.332083643094818,-0.05784262248990313,0.0,-0.14189186061646275,0.44948989866799044,False
CTR-01600-2,CUST-01600,-1.1910891969318351,0.26634321727572197,0.0,0.35689804129640074,0.2949249170499261,True
CTR-01601-1,CUST-01601,-0.43938549113595016,2.726440466938877,0.0,-0.5361117851784787,0.9354203964507687,True
CTR-01602-1,CUST-01602,-0.3779420043482062,0.2640655106561765,1.662078577315462,0.7457518471563137,0.5948203847850673,True
CTR-01603-1,CUST-01603,0.7777142626186608,-1.0619780782919985,3.266302427192116,-0.08482555648665865,0.3332194560776789,True
CTR-01603-2,CUST-01603,1.8340226206182253,-0.2549180480930232,1.8397924827855747,-1.7400876515669257,0.9244205243760761,True
CTR-01604-1,CUST-01604,-1.383208629707636,-1.1793502784766572,0.5802267874363852,1.4722685592753366,0.17984532223229688,False
CTR-01605-1,CUST-01605,-0.27793204553231154,1.099816732251786,0.0,0.08810965958649206,0.5185206588479019,True
CTR-01605-2,CUST-01605,-0.17681845248692896,-0.152688671570829,0.0,0.7116121744260437,0.6197845023548678,False
CTR-01606-1,CUST-01606,0.4313480569012716,0.095361019291901,1.495212528465221,0.4207467094023375,0.46895032178733037,True
CTR-01607-1,CUST-01607,1.5807325535097898,0.5375915920022319,0.0,-1.2470243498828437,0.9136051379606597,True
CTR-01607-2,CUST-01607,1.861036024492289,0.8332244883554738,0.31827289762652744,-0.41525689276412525,0.9488994614887769,True
CTR-01608-1,CUST-01608,-0.018370799792337356,0.6072232210820263,1.0,0.9917242278127927,0.6138150502437579,False
CTR-01609-1,CUST-01609,-1.1107960810545725,-3.1879624161754876,8.0,0.05336142413510975,0.01627449656781696,False
CTR-01609-2,CUST-01609,-0.1296537480194303,-0.956826046791474,8.0,-0.3223832729159294,0.13454812060298493,True
CTR-01610-1,CUST-01610,1.0105468124939587,-1.396006515989801,4.669517746317602,-1.139690096786198,0.5316605454895329,False
CTR-01611-1,CUST-01611,-0.44913880645585524,-2.0708966795154216,8.0,-0.3848351263304128,0.0572391485217195,False
CTR-01612-1,CUST-01612,-0.4358063587048122,0.43023298037277075,2.0,-0.09006825043046796,0.5321629389010203,False
CTR-01613-1,CUST-01613,1.0171943845192803,0.30455268902179017,0.0,0.11941827234089131,0.908986256555347,False
CTR-01613-2,CUST-01613,0.9186431336226485,2.0153676939467324,0.0,0.4097327956422734,0.9816130056488803,True
CTR-01613-3,CUST-01613,0.9328176306697158,0.2992819339899728,0.0,-0.18883933476699202,0.6215041723653492,True
CTR-01614-1,CUST-01614,0.5000878963297375,1.1371701122059021,0.0,1.1441254836700887,0.9241848155467164,True
CTR-01615-1,CUST-01615,0.2384635401358724,0.47205604498735054,2.0,-0.4803819421803055,0.67450162434534,True
CTR-01615-2,CUST-01615,-0.48359647514902554,-0.61873217878268,0.0,0.7373994276805861,0.3817148789061454,True
CTR-01616-1,CUST-01616,-1.064750905818596,-1.38039777589564,7.741956190596379,-0.1692920293271874,0.04392636187354633,False
CTR-01617-1,CUST-01617,1.047138377917845,0.7389976270684672,0.0,0.5000815986786239,0.9502471265834441,True
CTR-01618-1,CUST-01618,-0.456156731794481,-1.8102509102769184,3.159803681308317,1.1028785282727311,0.1666575815360362,False
CTR-01619-1,CUST-01619,0.6334144199752029,0.8521338972206741,0.0,0.8287437181955216,0.9125730421257481,True
CTR-01619-2,CUST-01619,1.3371414549953187,-0.38361476190691546,0.7579745983379618,1.3099151005989722,0.7980877042906827,True
CTR-01619-3,CUST-01619,1.7759318078190836,0.6780869031217374,0.0,-0.017212401317402592,0.9685373881914857,True
CTR-01620-1,CUST-01620,-2.3185309161492995,-0.09690591198200199,8.0,-0.16131464532303286,0.025567488733114287,False
CTR-01620-2,CUST-01620,-1.6882216534142955,0.21126193359243106,1.0,-0.7098205753923285,0.1298799478275363,False
CTR-01620-3,CUST-01620,-2.6067147197444016,-1.028270813305197,4.0,0.3301552626622064,0.010932174395269804,False
CTR-01621-1,CUST-01621,-0.7932102850525151,-0.14987588838873966,5.021541612626646,0.634719452354087,0.3237660686383221,False
CTR-01622-1,CUST-01622,-0.7661266097883007,0.1026854260065446,2.0,0.3821545788752072,0.11493787726371074,False
CTR-01622-2,CUST-01622,-0.7106331984561958,-0.01601125963542943,0.0,-0.4015818511131942,0.3735133187387559,True
CTR-01623-1,CUST-01623,-0.9439301495254576,-0.1306384373463093,3.5768520361198712,1.453594401402851,0.40230953905217104,False
CTR-01624-1,CUST-01624,-0.06572580114100024,-0.06750182393847304,4.0,0.46540749837285855,0.4757075897914556,False
CTR-01624-2,CUST-01624,0.6467157279262026,1.5206353606315202,0.0,1.0621075006600587,0.9241397933360215,True
CTR-01625-1,CUST-01625,-0.431668242002029,0.3252292963435954,0.0,-0.348459259763474,0.7181103519956812,True
CTR-01626-1,CUST-01626,-0.20244264594732864,-1.001186447584243,8.89544790125825,0.2496072655432076,0.0,False
CTR-01627-1,CUST-01627,0.7980205545883663,-0.5488219693546637,2.0800471434201806,0.16842749777817753,0.550120197300499,False
CTR-01628-1,CUST-01628,-0.5232782130181804,-0.8469868232334536,8.0,0.42239627865525414,0.14624824487515944,False
CTR-01628-2,CUST-01628,-0.5339767677463381,-0.3290059132462223,0.0,0.9616020079222816,0.5358649511117033,False
CTR-01628-3,CUST-01628,-0.6987920858034216,-0.14637743480922355,3.0,-1.15005994134315,0.189670578259439,False
CTR-01629-1,CUST-01629,-0.28911983587957996,-0.3665065420665858,0.0,0.2464883334300348,0.3277721923892841,False
CTR-01629-2,CUST-01629,0.027042263108399606,0.9503877519637387,0.0,-0.46663634688992767,0.7599912426510835,True
CTR-01629-3,CUST-01629,0.2809454085163687,0.14008882876631396,1.0,-0.12690842622850815,0.5913920309424244,False
CTR-01630-1,CUST-01630,-0.3543473828089438,-0.7017010440985847,4.595842715501557,-0.46937236626085743,0.13896146564514433,False
CTR-01630-2,CUST-01630,-0.8107040084191159,-1.3139929374197692,8.0,-1.059993540421053,0.04060528660014437,False
CTR-01631-1,CUST-01631,-0.5405773659903261,0.6496843770767398,0.0,0.1491992137846411,0.39901555600984795,True
CTR-01631-2,CUST-01631,-0.7979461893657693,0.3057688410673392,0.4250372466458914,-0.09211670493580032,0.22606344781311125,False
CTR-01632-1,CUST-01632,-0.2503998109790254,0.015726579553862363,0.0,0.1431874789848393,0.6501390636031799,False
CTR-01633-1,CUST-01633,-0.7052328749774031,-0.12102330667589323,4.739344285763148,0.41789308649868473,0.09927480991246965,False
CTR-01633-2,CUST-01633,-1.0513971178887704,-0.980822032232113,3.549534840040783,-0.29093276144111585,0.11222110220981986,False
CTR-01634-1,CUST-01634,-0.66980553598441,1.0301056822463965,2.1742076299251845,0.5977382288019013,0.6840202761227694,False
CTR-01634-2,CUST-01634,-1.4924694476913916,0.3361056364828171,0.0,-0.7254639212095999,0.2098586748035022,False
CTR-01635-1,CUST-01635,1.2521137251662162,-0.4883023045489596,0.0,0.10852427948888546,0.7777162946809572,True
CTR-01635-2,CUST-01635,2.601167475543769,0.7946596100878822,0.0,0.08662491065293643,0.9866134328133276,True
CTR-01636-1,CUST-01636,-1.8725758527209626,-1.3889130555223201,8.0,0.23053041375095037,0.020797871445553704,False
CTR-01637-1,CUST-01637,-0.35744108241165207,0.8235645951777524,0.0,-0.7207078420983974,0.7491252611529668,True
CTR-01638-1,CUST-01638,0.03468857796421332,-0.4289047332868713,0.0,0.49135970710286214,0.8406851441662027,True
CTR-01639-1,CUST-01639,0.3005450587846383,-0.44906947721899015,0.0,-0.44045550350655227,0.40953197085759085,False
CTR-01640-1,CUST-01640,1.5918936702194413,-0.5523928164314971,1.015606458448095,0.12276936535541103,0.9327390098034839,True
CTR-01641-1,CUST-01641,-0.5515014837427776,-0.15864803426613483,0.0,0.38053000389809694,0.2119914560409844,False
CTR-01642-1,CUST-01642,-1.216147702865563,-2.0407636151286646,2.9074788961180866,0.011662468776531376,0.03877936981017057,False
CTR-01643-1,CUST-01643,-2.313989304929826,-0.13505844365625952,8.0,-0.7968587665490041,0.010580662662622371,False
CTR-01643-2,CUST-01643,-1.0024253162067451,-0.8303786911565094,1.0,0.8681438761750986,0.1766238371758367,False
CTR-01644-1,CUST-01644,-0.7847324218994138,-0.5289227853561665,0.0,1.2752240157096009,0.35879292477303565,False
CTR-01644-2,CUST-01644,-0.9193518903215017,0.33582162858495723,0.0,1.0582827029061614,0.5585050272063389,False
CTR-01644-3,CUST-01644,0.8751572149013456,0.2809015073822781,1.023901256350677,0.8356644334697871,0.839362115529613,True
CTR-01645-1,CUST-01645,-0.6248843713564926,0.1832661823103625,0.0,0.3278760513427444,0.48157908278846473,True
CTR-01646-1,CUST-01646,-0.12577564814316242,0.02145742348638635,1.1805302187565239,0.6444461582320992,0.45451419403795723,True
CTR-01647-1,CUST-01647,-0.40398175446412005,1.9093703923026135,0.039249505062414536,-0.6608140813095266,0.6448144119836516,False
CTR-01648-1,CUST-01648,-1.3150044630812352,-0.14657180245317114,2.5471503609442467,-0.25877743370497147,0.14542873865394898,False
CTR-01649-1,CUST-01649,-0.7329349701305979,0.48518376463205004,8.486319424617173,0.08904954702859796,0.0,False
CTR-01650-1,CUST-01650,0.177701863105133,0.3072542317925348,1.0,-0.36460994054140394,0.6992538294722209,True
CTR-01651-1,CUST-01651,-0.22190712752303932,-0.7569448498042846,0.4790934404718179,0.7751122032103557,0.15449869525419488,False
CTR-01651-2,CUST-01651,0.7621788968025314,-0.491980187145345,1.1548181215425775,0.14365742417237015,0.48388881039999704,False
CTR-01652-1,CUST-01652,-0.5185163441744358,-1.1252824602081195,9.0,0.2911196433034232,0.0,False
CTR-01653-1,CUST-01653,0.2660086843369046,-0.8163199215032689,4.952706133888763,0.3728660696524333,0.3823856290890728,False
CTR-01653-2,CUST-01653,0.3380444671244217,-0.24658758127656033,2.556136325493049,-0.4884089124763574,0.4531079909067011,False
CTR-01654-1,CUST-01654,0.6470679519272441,1.926499734900413,0.0,0.261351858107572,0.962096269845778,True
CTR-01654-2,CUST-01654,1.0947838423390885,0.22222980644910117,0.0,-0.9535559907912007,0.5391767500864338,False
CTR-01655-1,CUST-01655,0.32951400949470844,0.4244542102114042,0.2206394716192308,-1.4748686382794407,0.6867106382631145,False
CTR-01655-2,CUST-01655,0.8067867202413529,-1.060443134813196,8.0,0.49581067928878564,0.32625164947959745,False
CTR-01656-1,CUST-01656,0.05460596643300175,0.43669755687308376,0.0,0.7524904810828704,0.6919170441347979,True
CTR-01657-1,CUST-01657,-2.012647542850699,-0.16784272094072367,5.7103921234945565,1.0295263285982403,0.08788686046911948,False
CTR-01658-1,CUST-01658,1.803019245363896,1.3905371575159375,0.0,0.1903224472392232,0.9926875768525122,True
CTR-01659-1,CUST-01659,-0.22734067087440096,-0.5827033489258149,1.9525862678164705,1.5861892069232815,0.26465664565181274,False
CTR-01660-1,CUST-01660,0.4818851943281869,-0.47231194377814645,2.057178867628714,0.4941874442468017,0.6325386653965908,True
CTR-01660-2,CUST-01660,-0.23066859684020588,-0.6145222164567284,1.0,0.0861612613628144,0.2912152539409765,False
CTR-01660-3,CUST-01660,1.022055870623401,-0.3646043512036765,0.6364997964610052,0.26229035203919554,0.7790066201389227,True
CTR-01661-1,CUST-01661,0.5015229453091897,-0.13461289221267442,0.35713006167195593,0.7261037893900866,0.7197575834121253,True
CTR-01661-2,CUST-01661,-0.004290974899017849,0.9178610154412439,0.0,-0.19029662584030893,0.7579883289105597,True
CTR-01662-1,CUST-01662,0.40603613905880254,1.2251039664749421,2.0,-1.1882604400178054,0.9061874139911197,True
CTR-01663-1,CUST-01663,-0.716241983891226,1.4205522790135219,2.370015344627195,0.07455258804913079,0.5782541831330056,False
CTR-01663-2,CUST-01663,0.45896106845750606,-0.31800683713853617,5.171060331727503,-1.5868374294520948,0.6661046612309659,True
CTR-01663-3,CUST-01663,0.3293210144074894,-0.3559993868936363,8.0,-0.961913123825955,0.3053351959440933,False
CTR-01664-1,CUST-01664,0.823293369598399,-0.44891930620607,2.064369257624446,-0.8043942722895447,0.5000280194925146,True
CTR-01665-1,CUST-01665,1.01119262476042,0.06231468871878758,0.0,0.5143650637631196,0.8998650320019661,True
CTR-01666-1,CUST-01666,1.4315009104951653,-0.35662373237650924,1.0,0.37327309119005264,0.8550046397547716,True
CTR-01667-1,CUST-01667,-1.245070282284174,-0.8527005076925276,8.0,0.3628270286767199,0.053556169125160154,False
CTR-01668-1,CUST-01668,0.32045183270499333,0.5168508409312331,0.0,-0.5739741943086358,0.8073312301299367,True
CTR-01668-2,CUST-01668,1.4630064732906,0.5509579680953568,0.5182390971044606,-0.43536990810296716,0.937180112470033,True
CTR-01669-1,CUST-01669,-0.5589022342591985,1.6418316360216036,0.0,1.1206457227264313,0.7810528747246857,False
CTR-01670-1,CUST-01670,-0.2900709093421467,-1.351272795380729,8.0,-0.0277124724843697,0.21713253593720466,False
CTR-01671-1,CUST-01671,1.4422568304492875,1.0923296943183909,0.0,0.36097879693325874,0.9632750165671368,True
CTR-01672-1,CUST-01672,-0.3671194195560032,0.5548195538213941,0.0,0.14101450403923071,0.5378072593543642,True
CTR-01673-1,CUST-01673,0.1834260565864415,-0.3578454273627689,5.183427444758,0.43141426295706875,0.3798495771365798,True
CTR-01674-1,CUST-01674,-0.5496204318238717,2.135542978601052,1.0,1.3496506598709632,0.9056531978609766,False
CTR-01675-1,CUST-01675,0.7026499527846625,-1.2957727692270502,3.8954427337100936,-1.06131216129452,0.5228830451813758,False
CTR-01675-2,CUST-01675,0.21785492839825998,-0.3696356036039262,8.0,-0.8758681536215013,0.3918008225934865,True
CTR-01676-1,CUST-01676,0.030362626964093427,0.0921574972398552,0.0,0.39866661437776507,0.5409145402128882,True
CTR-01676-2,CUST-01676,-0.2147928930214439,0.8749896341502345,1.0,0.17224476426826899,0.5336792113562875,False
CTR-01677-1,CUST-01677,-1.4035162338161447,-0.10667089633821009,4.626641487023357,0.7881971681483272,0.19418324454832614,False
CTR-01677-2,CUST-01677,-0.5710811240912328,0.39727316763111653,2.967213839334345,-1.0258649288201496,0.4489316208857295,False
CTR-01678-1,CUST-01678,0.13576374822791887,0.4398607584018073,0.0,0.01626695224524316,0.667919044960102,False
CTR-01679-1,CUST-01679,-1.3536530597838619,0.0551552653413136,2.8665000739160194,-0.5677541034266891,0.14497121550139944,False
CTR-01680-1,CUST-01680,-0.003150934123346383,0.18772517787031628,0.0,0.19637854467816673,0.6176820084019865,True
CTR-01681-1,CUST-01681,-0.5248585967296941,-0.6522705453412803,4.300084221386815,0.7474535335440808,0.13766696410147597,False
CTR-01682-1,CUST-01682,-1.0731913354003095,1.12441213114176,0.1886238780053464,-0.031339444261637636,0.3368343456776774,True
CTR-01682-2,CUST-01682,-0.3418337169952952,0.35282018833587325,0.0,0.6184102686668698,0.377089376196966,True
CTR-01683-1,CUST-01683,-0.31256522346198745,-1.0096783171345287,4.802282044614474,0.958367745126147,0.22556507272063872,False
CTR-01684-1,CUST-01684,-0.20145746029921788,0.13286148599552494,0.0,-1.0609429430093198,0.23675183000995112,False
CTR-01685-1,CUST-01685,0.7977404433670823,-0.9408653947017577,3.2311786023001074,0.6900950176251077,0.8563847929933137,True
CTR-01686-1,CUST-01686,-0.5139628329707022,0.4042700013896747,0.0,0.5716587011767619,0.4951935676749288,True
CTR-01686-2,CUST-01686,-0.008676427221580685,0.7011278602263957,0.0,-0.29607809898005366,0.606740488161237,False
CTR-01686-3,CUST-01686,-0.2736653383770574,1.8801266262526894,0.0,0.9430112197471628,0.870443420757236,True
CTR-01687-1,CUST-01687,0.5789989351299727,1.4321087361527967,0.0,-1.1552004164459542,0.6133351438337773,True
CTR-01688-1,CUST-01688,-1.0122943508029052,-1.347049928675881,5.7687752694534735,0.5945811275474403,0.0679244514471376,False
CTR-01688-2,CUST-01688,0.7145786467740007,-0.5235718153057554,0.0,0.7633041014243387,0.6118861334852024,False
CTR-01689-1,CUST-01689,-0.9736645468057351,-0.5815728244969209,8.008956324147743,-0.7510783545628428,0.0,False
CTR-01689-2,CUST-01689,-0.8474291047751835,0.3116008216315399,0.0,0.38754307051891024,0.33270718147452594,True
CTR-01690-1,CUST-01690,-1.0614309663152184,0.35857710195358017,0.7663226246309578,-1.1755793551508686,0.19485099891440943,False
CTR-01691-1,CUST-01691,2.19951514036455,1.362330628076256,0.0,-0.8528959085753831,0.984866583296536,True
CTR-01691-2,CUST-01691,1.7006508200895871,1.1205254223695427,0.0,-1.0712964092214727,0.9411158705656046,True
CTR-01692-1,CUST-01692,-0.9838320475024216,1.4992654958887806,1.0,-0.23234472531997458,0.8309741938659735,False
CTR-01693-1,CUST-01693,2.7132590520540294,0.025642493517870735,0.0,-0.8298390300989793,0.9782254411378631,True
CTR-01694-1,CUST-01694,-0.975666351270231,-1.0912406215489272,6.673496140797922,0.7359311971410485,0.07383136991079639,False
CTR-01695-1,CUST-01695,-1.3776440361524112,-0.5148402874637011,1.58760727680265,-0.632122216630614,0.08559636729604439,True
CTR-01696-1,CUST-01696,0.9376985686057648,-0.8583196672946453,8.0,0.5426992750390229,0.6357229908284874,True
CTR-01697-1,CUST-01697,0.503048908186114,2.6893718444243135,0.0,0.8560056569547188,0.9128786547462173,True
CTR-01697-2,CUST-01697,-0.5795627418051376,3.037096172847101,0.0,-0.41924073460136296,0.9222298534424462,False
CTR-01698-1,CUST-01698,-1.4028497058457794,-2.241619960276184,5.174156281890337,-0.06994580152264022,0.03294633738771705,False
CTR-01699-1,CUST-01699,0.02366558137551067,1.0770661649280981,0.0,1.47142527340941,0.9035722708613061,True
CTR-01700-1,CUST-01700,0.6971710951097125,-0.13138196396741464,0.0,0.3044604167134714,0.6724903963480853,True
CTR-01701-1,CUST-01701,-0.09576917983662432,0.31588129445913127,0.0,0.8857468817726614,0.78102323028738,False
CTR-01702-1,CUST-01702,1.4649144412675414,-0.6251421780616937,5.422391727677052,0.8572137536357849,0.7280931042482954,True
CTR-01703-1,CUST-01703,-0.3254975806393518,-0.03635318009657679,1.0,-0.7388902598300913,0.308884572557147,False
CTR-01704-1,CUST-01704,0.12410175555432912,1.279732437758672,0.0,-0.15422002917243138,0.8927096830549919,True
CTR-01705-1,CUST-01705,0.46390442777619356,0.5039813695249207,0.0,-0.9246172684838775,0.464324772097124,False
CTR-01706-1,CUST-01706,-1.3294077683693262,-0.7831316896468354,2.7444049934942605,0.2861013142934523,0.0687801414819704,True
CTR-01706-2,CUST-01706,0.8179667207820276,-1.4755378707097095,3.1582553309995482,0.5475023924095678,0.7881612598546728,True
CTR-01707-1,CUST-01707,-0.733080925884648,0.0161421880743281,4.687974764644723,-0.8231964671813742,0.20706625732045406,False
CTR-01708-1,CUST-01708,1.0853986671282934,0.5064606988061562,1.0,-0.303937435978027,0.8020147802502847,True
CTR-01709-1,CUST-01709,-0.42138178780241214,-0.1334541441035273,2.771430304690425,-1.0482245954023688,0.3676999988852976,False
CTR-01710-1,CUST-01710,0.3062673775087359,0.8799902099566126,3.0,-0.861610536233096,0.8290602078173206,False
CTR-01711-1,CUST-01711,0.22650000646524118,-0.20407383633966047,0.0,0.11734094959057949,0.6408938967644485,False
CTR-01712-1,CUST-01712,1.3271652883764706,0.03948377134157416,0.0,0.36414916412910114,0.9377469810477329,True
CTR-01712-2,CUST-01712,0.7675951223910579,0.9659355367872258,1.0,-1.355575566358332,0.8599950510111107,True
CTR-01712-3,CUST-01712,0.06640502593467114,-0.44402249214185435,2.5356227959964848,-0.3729193933474971,0.3461727327388798,False
CTR-01713-1,CUST-01713,-0.03526536181041989,0.0909749646031508,3.806921381449573,-0.3249701322137313,0.412314791688266,True
CTR-01713-2,CUST-01713,-0.9684179275796662,0.4030556564516897,0.2511232622371462,-1.1492857484054162,0.16593176130487317,True
CTR-01713-3,CUST-01713,-0.6134410093226396,-0.0833617800316287,1.0,-0.4681742752786536,0.439863670923825,False
CTR-01714-1,CUST-01714,0.16696140033888796,-0.9094630571008254,4.1953865676363735,1.5290454738500439,0.20735138868601047,False
CTR-01715-1,CUST-01715,-0.595547812268481,-0.257170348162555,8.0,-0.029816353293058595,0.14996587451842677,False
CTR-01715-2,CUST-01715,1.1896183398919096,1.9363336836019789,0.0,-0.15809839283861876,0.9466936495197547,True
CTR-01715-3,CUST-01715,0.607084100958533,0.45992656345889726,0.0,1.126819949967753,0.8472194937149651,True
CTR-01716-1,CUST-01716,1.303634072052928,-0.5266664722286203,0.24960567675334477,-0.8229578140909957,0.7113768992872418,False
CTR-01716-2,CUST-01716,1.3594911543424328,-0.14516892565412778,0.0,-0.3258822785595741,0.7970603447714613,True
CTR-01716-3,CUST-01716,1.0890932347279785,-0.14852299724987558,1.0781211920901859,0.8097900017493186,0.9336676114996376,True
CTR-01717-1,CUST-01717,1.090987801389202,1.050175177602229,0.11913089855074932,0.8130959609361721,0.9297629414789332,True
CTR-01718-1,CUST-01718,-0.9820908487339071,-0.3412824170145594,8.0,0.7476416003801798,0.11850590322480993,False
CTR-01719-1,CUST-01719,-1.8935636247305732,-1.025909370200543,9.0,-0.9178435833897558,0.0,False
CTR-01720-1,CUST-01720,1.104050467611225,0.6683935372594187,0.0,0.18338689298185884,0.9550873161328066,True
CTR-01721-1,CUST-01721,0.7015407922949349,-0.09406744387897359,0.0,0.29177211092582567,0.7987876840722034,True
CTR-01722-1,CUST-01722,-1.2369589526503901,1.0881605817877675,1.0,-0.365177354288625,0.43703361222627946,True
CTR-01722-2,CUST-01722,-0.6119107189540283,0.030801488661531706,0.0,-0.17634487722313036,0.4697344622418015,False
CTR-01723-1,CUST-01723,-1.4618483491492373,-1.0669544758685174,4.626551778986775,-0.538929431343605,0.06770464108177718,False
CTR-01724-1,CUST-01724,-0.7814518579223699,-0.8098966258539234,2.345640015211269,0.06206917522674418,0.09770523060859271,False
CTR-01725-1,CUST-01725,0.7863764268521818,-0.29221294652895624,0.0,-0.7849277645384442,0.8113087624083459,True
CTR-01725-2,CUST-01725,-0.10243627022121324,0.4519593725593428,0.0,0.30072333903071546,0.6506313148477462,False
CTR-01726-1,CUST-01726,-0.4164223975050372,-0.557937482430622,2.317171035642453,0.3486820539941722,0.21154676403975298,False
CTR-01726-2,CUST-01726,-0.5668789948497708,-1.2617522092486273,4.671951807010128,0.7727456729012683,0.1094280661787401,False
CTR-01727-1,CUST-01727,-0.23909170612649888,-1.0014649374036084,3.178984910723722,0.5096058422299337,0.33208431064295735,False
CTR-01728-1,CUST-01728,-1.1767901862986523,1.0508586617907334,0.0,0.8191395582166909,0.6562815901434412,True
CTR-01728-2,CUST-01728,-0.8729698098428287,0.15132617616838642,0.0,-0.9452904148296127,0.27425674485375556,False
CTR-01729-1,CUST-01729,1.0673322721921068,-0.08199637844389612,1.216179538759568,0.7523518415555901,0.8369796141835265,True
CTR-01730-1,CUST-01730,2.0553501081905696,2.7372270630847533,0.0,-0.6537416951905471,0.9943821008830073,True
CTR-01731-1,CUST-01731,-0.5276989996262273,1.0707060058594888,0.0,0.33054153535934383,0.6528203320114992,True
CTR-01732-1,CUST-01732,0.5004261046407267,-0.4954977433713225,0.0,-0.5083751398663404,0.36521784499167603,False
CTR-01733-1,CUST-01733,1.3282924721231129,-0.8898267528015193,0.4899808792522473,-0.5524149515041731,0.7994439532867332,True
CTR-01734-1,CUST-01734,0.2826745293298777,-0.465640953976449,0.383726379972379,0.7582912409385797,0.4664913755649416,True
CTR-01735-1,CUST-01735,1.4687939804597525,-0.2828790301569001,0.0,0.6185523574284996,0.8023146329166824,False
CTR-01736-1,CUST-01736,0.919274790077235,-0.07929282314605379,0.0,-0.15014400003943834,0.7879985855229671,True
CTR-01736-2,CUST-01736,1.9545862041872257,0.6092812265482751,0.17293075805314717,0.39850806085526025,0.9598478424565958,True
CTR-01737-1,CUST-01737,0.9667285300213238,-0.2514878450941741,0.0,1.2075065349233784,0.8991227024735485,True
CTR-01738-1,CUST-01738,-0.1415221263360672,-0.6879581711530065,1.0,-0.8680165892068992,0.24567349666354493,True
CTR-01739-1,CUST-01739,-0.5457265060218991,1.5653460402740902,2.0,-0.10240699330805383,0.4794713431756059,False
CTR-01740-1,CUST-01740,-0.7482156884053718,0.9662215700739574,0.0,-1.0070171953976021,0.4198724836356587,False
CTR-01741-1,CUST-01741,-1.0568167617851674,-0.20505101448446617,0.0,0.9014759014888368,0.4419928024056034,False
CTR-01741-2,CUST-01741,0.11439450895823225,0.036587575018607765,0.0,0.5817920417001012,0.517661212109028,False
CTR-01742-1,CUST-01742,-0.07386188347511535,-0.49182152404474816,5.4685708980571,-0.3936200054674473,0.4283508385521311,False
CTR-01743-1,CUST-01743,0.11683073886248374,0.8537778322723752,0.25748652184348253,0.4217548297032335,0.6483410499572668,True
CTR-01744-1,CUST-01744,0.6712409128641114,0.30213450943166625,0.0,0.9718920628418549,0.923100258869207,False
CTR-01745-1,CUST-01745,-0.9145564249305775,-1.1248180976908098,9.0,-0.8974987298503099,0.0,False
CTR-01745-2,CUST-01745,-1.0647904011495108,-1.6981207401577634,8.0,-0.005811056245788981,0.07862393549507397,False
CTR-01746-1,CUST-01746,0.6184014529402491,-0.44172003039731345,1.050857141223454,-1.4338246935255747,0.3257118162455781,False
CTR-01746-2,CUST-01746,0.47118311123489387,-2.140164053188497,4.676338960184917,0.7038748846059584,0.37725288249801014,True
CTR-01747-1,CUST-01747,0.4930546236383301,-0.3649319805796595,0.0,0.9432308469013324,0.5334409095164856,True
CTR-01748-1,CUST-01748,0.06128640993897076,-0.09779069019836736,0.6930541368290335,-0.20596398507148508,0.35836568864143803,False
CTR-01749-1,CUST-01749,-1.6462142351957325,-1.1723775698365966,5.777836918145706,-1.1375412483529044,0.021985884750490514,False
CTR-01750-1,CUST-01750,0.45452894895857515,0.6583365787172618,1.0,1.7611445409833222,0.8704952573877686,True
CTR-01750-2,CUST-01750,0.07564681737162843,1.2276279010159343,0.0,-0.6691338151187087,0.6093754699384415,False
CTR-01751-1,CUST-01751,0.194470529079041,-0.03546944751292447,0.0,-0.053540617201876084,0.5378875549610161,True
CTR-01751-2,CUST-01751,-0.2864344321472232,-0.7562039360972669,0.6347266418121255,-0.13804601135744243,0.34544332270701394,False
CTR-01751-3,CUST-01751,0.5557605352654209,-0.1593183222932416,0.0,-0.17001099383465593,0.6603332515724042,True
CTR-01752-1,CUST-01752,-0.29331167598856,-0.8999079594150377,2.488492383957399,0.19254109051269833,0.29076134097603507,True
CTR-01752-2,CUST-01752,-0.8813518141280896,-1.1863404651074276,3.0,0.6265248345049893,0.10887028444898277,False
CTR-01752-3,CUST-01752,-1.6209924288499629,-1.2657092662268499,8.0,0.1414731701946944,0.04358803600056738,False
CTR-01753-1,CUST-01753,0.05612418764121618,-1.8104890478642737,2.7132670577468563,-0.26591236925300976,0.25209308971095,True
CTR-01753-2,CUST-01753,-2.2671529747749872,-2.454108100888427,9.0,0.9409550554637636,0.0,True
CTR-01753-3,CUST-01753,-2.337572369821785,-0.723575148434304,6.39225358298731,-0.39678962730326994,0.018798517487606033,False
CTR-01754-1,CUST-01754,-0.505035303410281,-0.27034526389027025,5.0,-0.06264003893344533,0.2882342195442371,False
CTR-01755-1,CUST-01755,1.1012671191034562,-0.7643656044941075,0.0,2.003952523058607,0.8399535185104471,False
CTR-01755-2,CUST-01755,0.2517095338547263,-0.05472628290573182,1.9306997455791217,-0.9521396999501253,0.5481923147626424,True
CTR-01756-1,CUST-01756,1.370877906425803,1.2742339546480796,0.3569408770955651,-0.02817920111042982,0.9388507308739726,True
CTR-01756-2,CUST-01756,1.6594815781126704,1.1048616511152431,0.0,0.08191019196338012,0.9712100162322123,True
CTR-01756-3,CUST-01756,0.730453983658829,0.29477652243767893,6.376711671407432,-0.8243842295350006,0.6504012560044676,True
CTR-01757-1,CUST-01757,-0.26615294847052073,-0.860195579546473,1.3155568903636672,-0.5748237507381706,0.1080520155246778,False
CTR-01757-2,CUST-01757,-0.13780505303078294,-0.590679531995627,2.9343290919355436,-0.41345115708134605,0.2662891285906289,False
CTR-01758-1,CUST-01758,-2.5202246100672903,-0.72762207866939,9.0,-0.042104322200824704,0.0,False
CTR-01759-1,CUST-01759,-0.17529290270405662,0.7145049275645758,0.0,1.7310808687756458,0.5845156025226382,True
CTR-01760-1,CUST-01760,1.5478380844012387,-0.1362280989671837,0.5321077538365494,0.16057842102662917,0.9298222908676365,True
CTR-01761-1,CUST-01761,1.6935234582340073,1.2365939636402028,0.0,-0.02776522098435663,0.9663056150649797,True
CTR-01762-1,CUST-01762,1.1277917289569341,-0.12626884784069464,0.542869740026279,-0.6800591984739339,0.765161127556185,True
CTR-01763-1,CUST-01763,0.9094203746941538,0.2738257900057816,0.0,0.20355263714021962,0.902658630945094,True
CTR-01764-1,CUST-01764,-0.00246822334372776,-0.992141380991364,2.631694348405468,-0.4717737416028118,0.5155393418019675,False
CTR-01765-1,CUST-01765,-0.8361614005867679,-1.3412049554407033,7.918959601250661,1.345493588966668,0.1492897002960691,False
CTR-01766-1,CUST-01766,0.09678748870155629,1.1563788206789876,1.0,0.21177071712749693,0.9094784720713371,True
CTR-01767-1,CUST-01767,-1.5574649824399787,-1.5925658882179592,8.0,-0.06756589895326737,0.02358098317122517,False
CTR-01768-1,CUST-01768,-0.048459348092317556,0.13362937078719594,7.324928247891382,0.8159943811945012,0.4297163344820635,True
CTR-01769-1,CUST-01769,0.13535549096842336,-0.34156347995290887,1.0,-0.11548785474840517,0.6277847524340814,True
CTR-01770-1,CUST-01770,0.5765379234197632,0.10866176209098344,0.0,0.5843734372274922,0.7722583223311761,True
CTR-01770-2,CUST-01770,-0.6602803180282966,-1.1670448690903181,8.387632407662224,-1.4665299973558648,0.0,False
CTR-01770-3,CUST-01770,-0.5206616884518966,-1.0013438223260958,9.0,-0.851691799035832,0.0,False
CTR-01771-1,CUST-01771,1.1524948624570601,0.7811536249567561,0.46042680105947476,0.07169411535343406,0.9480397678857871,True
CTR-01771-2,CUST-01771,1.7383429202695022,1.607489354600564,1.0,0.09725013944413222,0.9650135097179028,True
CTR-01771-3,CUST-01771,0.7906561666117403,1.6748191672230677,0.0,-0.11980718814484076,0.8757374866751043,True
CTR-01772-1,CUST-01772,0.7746619628924194,0.013092139585102275,1.0,-0.6387401688339251,0.8344936385925177,True
CTR-01772-2,CUST-01772,1.911717677965641,-1.1288489126017374,0.0,0.6076688216665587,0.9427785816003164,True
CTR-01773-1,CUST-01773,0.09022788825014785,-1.3844868685312326,0.0,1.5015879322317156,0.4837165281552183,True
CTR-01774-1,CUST-01774,-1.0730709418269992,0.4630483097443647,2.287981266676186,-0.6438689809122087,0.21310176192115693,False
CTR-01774-2,CUST-01774,0.7051690995038599,0.06627839740680574,2.3829042556038367,2.0038075363646426,0.8484719524739612,True
CTR-01775-1,CUST-01775,-1.0184658192789766,2.3845436286782227,0.0,0.7352691329300906,0.6883228829631398,False
CTR-01776-1,CUST-01776,1.2047449701748394,1.5652202479689459,0.0,0.138961392123724,0.9688973603328891,True
CTR-01777-1,CUST-01777,1.0242716274752923,0.06960696979910412,0.0,1.1108175186401776,0.9249506889731178,True
CTR-01778-1,CUST-01778,1.3708379713678764,0.07604866406808405,1.0,-0.6958453042733936,0.9235868240447337,True
CTR-01779-1,CUST-01779,-0.5536434626917114,-2.227449351586915,8.0,-0.08651006989631817,0.01946965057674281,False
CTR-01780-1,CUST-01780,-1.144654438672825,-0.14625697843622953,4.316132738727953,0.8193384722248702,0.12028601178651817,False
CTR-01780-2,CUST-01780,-0.8865123037930844,-0.8053776673899667,4.0,-0.4015453078903751,0.04219907815344432,False
CTR-01781-1,CUST-01781,1.0759705666921529,-0.9830730425216122,3.3790767719133115,0.5844690520601066,0.7659738080964997,True
CTR-01782-1,CUST-01782,-0.5781341768059236,1.1974637389595875,0.0,0.33651951043086054,0.669448568686375,True
CTR-01782-2,CUST-01782,-1.0175075865979128,0.7532966442621642,1.0,-0.39950805801901307,0.37733545644339134,True
CTR-01783-1,CUST-01783,-1.1267465779407202,-0.719146880533984,0.161588003822416,0.08529764096406145,0.27352253892700573,False
CTR-01784-1,CUST-01784,-0.14886061264927508,-1.6894861250378441,8.0,-0.5532874435790669,0.0974148397737224,False
CTR-01785-1,CUST-01785,-0.9615043519318468,-2.057403864794625,6.3874754966895955,-0.8626827200373467,0.01829078319757006,False
CTR-01786-1,CUST-01786,1.945689361899796,0.862666849835469,0.0,-1.1864539443714004,0.9579223144628538,True
CTR-01787-1,CUST-01787,-0.2808556665748806,-1.6250048513755495,1.0239117314811093,0.11829650926576801,0.1627430267004615,False
CTR-01787-2,CUST-01787,-0.9394778782092426,-0.4768129242134682,6.568556528348405,0.8211346625333343,0.05724203652930679,False
CTR-01788-1,CUST-01788,0.20426509231547374,-0.24712572200539196,1.0,-1.021001407515055,0.5067554693330949,True
CTR-01789-1,CUST-01789,0.8600632683088862,0.6381957961385365,0.0,0.4255083055364185,0.9514558599411475,True
CTR-01789-2,CUST-01789,-0.010343791516602752,-0.8534645928851954,2.0,1.3740571080268162,0.5317032930942257,True
CTR-01790-1,CUST-01790,-1.94595037268047,0.21603766621382392,3.363673576395287,-0.21539114242951393,0.07310312426684851,False
CTR-01790-2,CUST-01790,-0.22927814042638034,-1.4803949540181285,5.0,-0.7065405911431372,0.09016029378284005,False
CTR-01790-3,CUST-01790,-0.9693125284379209,-0.8001021184151744,2.0,-0.14014383083918894,0.2223829889954334,False
CTR-01791-1,CUST-01791,-0.17796474771332507,1.040703070711579,1.386596120965083,-1.216560525474566,0.5758968062421611,True
CTR-01792-1,CUST-01792,1.4030041022963489,-0.513417639884215,0.0,-0.3568197055810559,0.8736221399904415,False
CTR-01793-1,CUST-01793,-0.8059841236010066,-0.9082091541930545,1.0,-0.16058172917920954,0.09217808373048196,False
CTR-01793-2,CUST-01793,-1.6349740262191175,0.9076480452860283,1.891673955883257,1.3544409109181663,0.44777330441425445,False
CTR-01794-1,CUST-01794,-2.1308865929664584,0.1186657090006511,2.6369713288561147,-0.3528575480772326,0.05963442916242288,False
CTR-01794-2,CUST-01794,-1.3582941630182634,-0.23630224498818964,3.286966995841631,0.49219621908693334,0.08930343168421562,False
CTR-01795-1,CUST-01795,0.044968025416254664,-0.5096716043665055,0.0,-0.37499153352224857,0.44433531930105874,False
CTR-01795-2,CUST-01795,-1.4856456584876618,-0.6933392373514056,1.003549807133218,0.3938662974946788,0.1336258347494783,False
CTR-01796-1,CUST-01796,-0.5373092521800653,0.2109577177693615,0.0,-0.6153539220946892,0.21643864034859328,False
CTR-01797-1,CUST-01797,-0.48098156305290674,-0.6490195173938034,1.7115218399031107,0.9299713176910728,0.3596117732877356,False
CTR-01798-1,CUST-01798,-1.7643906884942644,-1.4978742452432963,5.611907611497885,-0.5365784077352729,0.009289700562139735,False
CTR-01799-1,CUST-01799,0.578908165949434,1.126853280565519,0.0,0.5515532851911054,0.9208683394734832,True
CTR-01800-1,CUST-01800,0.9976615746731816,-3.0045904136495922,8.0,-0.5420848762722899,0.13196581465810378,False
CTR-01800-2,CUST-01800,0.7885959326524292,-1.328985496040951,0.7478302534370084,-0.38300215594717874,0.3854165238920084,True
CTR-01801-1,CUST-01801,-0.11729646335862581,-0.7977667098681787,6.124462775879408,-0.5918114733101272,0.2047578232374884,False
CTR-01801-2,CUST-01801,0.16781010309730177,-0.5557004025553445,0.021815918254063593,-0.17214774355010862,0.4521416672229641,True
CTR-01802-1,CUST-01802,-0.4571243188304222,-1.8590633563580785,2.734489626007854,0.6216471871100006,0.07402116953324755,False
CTR-01802-2,CUST-01802,-0.5949306021533185,-0.9214656164679272,0.7847043040216182,0.6888421996017435,0.2938651505639244,False
CTR-01802-3,CUST-01802,0.07079192610438201,-0.4826892237794176,4.564373389049155,-0.8702850178901503,0.36049376640691805,True
CTR-01803-1,CUST-01803,1.2697143701031104,-0.4250489867395285,2.317648162660107,-1.4440621289590485,0.5103055036327218,True
CTR-01804-1,CUST-01804,-0.6595233199572748,0.3337505805868401,0.0,0.04066622710043011,0.4539748765307777,True
CTR-01805-1,CUST-01805,-0.6177595127990615,0.3020900972770364,1.0,0.5625115557987519,0.8714304154171336,True
CTR-01806-1,CUST-01806,1.991083954830697,0.6531901350756469,0.0,0.28053234366102536,0.9795616195865131,True
CTR-01807-1,CUST-01807,0.25062684844539695,-0.20609956134931368,2.271296005365519,0.8463437097329755,0.8337498683110408,True
CTR-01807-2,CUST-01807,0.3366024197716926,-1.4856775134947324,3.595182690579316,0.9784224254632389,0.22939007274727027,False
CTR-01808-1,CUST-01808,0.7282626353641616,0.6754699771629844,0.0,-0.30476303672717503,0.778318939031937,True
CTR-01809-1,CUST-01809,1.7330709791322771,2.5645450845458004,0.0,-0.20405687526283758,0.9890936527641856,True
CTR-01810-1,CUST-01810,-0.7304564523757103,-1.2087834519458718,8.0,-0.488861011273505,0.029329706199857874,False
CTR-01811-1,CUST-01811,-1.0244150577690536,-0.8835102307244899,6.187825894264081,-0.5755554501338431,0.04580676969390594,False
CTR-01811-2,CUST-01811,-1.3234805061540156,0.6677154073991823,1.4988915608430973,0.9369156697287452,0.2815475300096806,True
CTR-01812-1,CUST-01812,-0.8737448554296681,1.1051205363834313,1.0,-0.4036901650251425,0.2819872200286194,False
CTR-01812-2,CUST-01812,-1.3594388317094221,1.791588414786602,3.0,0.4498824918621184,0.4546831339316777,False
CTR-01812-3,CUST-01812,0.30859325993818165,0.2299307933639813,2.8688232347048754,-0.797381173099048,0.5654548391348155,True
CTR-01813-1,CUST-01813,0.38461193108317554,1.1893118136924155,1.0,-1.9656299429720299,0.7160359838467205,True
CTR-01814-1,CUST-01814,1.8688922509068133,0.9710262525688004,0.06908155897079593,-1.0802530716788112,0.983620743714477,True
CTR-01814-2,CUST-01814,-0.04511185338070789,0.9938560236783142,0.0,-0.7114044004564735,0.7941531141142075,True
CTR-01815-1,CUST-01815,0.2306302667855984,0.48490318476683525,0.0,0.8267966447399511,0.8213220193389368,True
CTR-01816-1,CUST-01816,-0.19819790423025246,-0.8705647181995789,0.0,0.7295080221036463,0.3750609800318031,False
CTR-01816-2,CUST-01816,-0.3255032944713717,-0.7202079192990869,0.0,-0.10651004750698356,0.20399098080811606,True
CTR-01817-1,CUST-01817,-0.5905415294233296,-0.10297566323514307,3.6791688991026774,0.25356068140307053,0.271454397853211,True
CTR-01818-1,CUST-01818,0.5226975860809846,1.3561571535553296,0.0,-0.700923176982785,0.8215201903396363,False
CTR-01819-1,CUST-01819,0.3223817101821041,1.2284089219860743,1.0,-0.3158771170728246,0.8356199656141234,True
CTR-01820-1,CUST-01820,-1.224832788776226,0.9485662861073002,1.0,1.6096805536019352,0.3789217508890136,False
CTR-01820-2,CUST-01820,-1.6021092641960935,-0.6610469561158424,1.171126871000478,-0.027580730214513738,0.046959528182885804,False
CTR-01821-1,CUST-01821,0.032137992959199974,0.021399299524169923,0.26214145736534666,0.4703203401689542,0.5067735778326731,True
CTR-01822-1,CUST-01822,1.5237900402598537,0.6731900159950854,0.0,-1.1241855212300118,0.9046037604770091,True
CTR-01823-1,CUST-01823,-0.0187229004295682,-0.42147120441740527,0.0,0.2527108951483369,0.594052652125681,True
CTR-01823-2,CUST-01823,0.771408855512306,0.528331223299372,0.0,0.8470952745354173,0.8010948222727138,True
CTR-01823-3,CUST-01823,-0.4167870115362927,1.0845548526281295,0.0,0.08889706922910522,0.6781561124848772,True
CTR-01824-1,CUST-01824,0.44567843758822273,-0.7583323764606171,0.4951685324712696,-0.8084906994683917,0.40848122509424173,False
CTR-01824-2,CUST-01824,-1.2490518108629978,-1.1844506151079153,3.4288309597299502,0.6070091312952782,0.12775950139155873,False
CTR-01825-1,CUST-01825,0.6356230679821404,1.5614118604181366,0.0,0.4144989090710335,0.957405823376964,True
CTR-01826-1,CUST-01826,-0.22684229054558014,0.047437331175873454,2.1128837334459174,0.93781948324896,0.6148604133895501,True
CTR-01826-2,CUST-01826,0.07124277974085194,-0.9436695206388506,5.275149764805463,0.006014096307243144,0.39058664948664207,False
CTR-01827-1,CUST-01827,1.8698178784872734,1.824865321224142,0.0,-1.691993596881748,0.9697230716927365,True
CTR-01828-1,CUST-01828,0.7752040880367741,-1.2879689753858758,5.233491658968674,0.45123231204960146,0.4481444133169799,False
CTR-01828-2,CUST-01828,0.288246166872446,-2.21561524313844,8.0,0.038790981159039895,0.12534734456696994,True
CTR-01829-1,CUST-01829,1.342326247392428,1.5380834936170371,0.0,-0.3424425792416447,0.9783758689932557,True
CTR-01830-1,CUST-01830,-1.8040225286829896,-0.9844831493025972,8.0,-0.24886882826395726,0.017865033015738226,False
CTR-01830-2,CUST-01830,-0.5390627120497803,1.1502629120139718,0.0,-0.3920276458756279,0.7422957645157705,False
CTR-01831-1,CUST-01831,0.23498296241153727,-0.40206126223386607,0.0,0.051098586337234575,0.276050292387025,False
CTR-01832-1,CUST-01832,-1.1740059594218897,-1.4343606094213184,5.729782036387844,0.9092250718833385,0.03270920363467454,False
CTR-01833-1,CUST-01833,0.12779307371268728,-1.4806272527748077,7.719139706748324,-0.2784630141948605,0.2398548755882601,True
CTR-01833-2,CUST-01833,-0.8755074287983274,0.847571578701424,0.0,-0.748468275084847,0.5240801094232752,False
CTR-01833-3,CUST-01833,-0.9223834606342413,-0.4319304707192435,0.0,-0.017765494462215203,0.2782001176679891,False
CTR-01834-1,CUST-01834,-0.35009298807556694,-0.4890049989707669,8.0,-2.0272108982838155,0.179620618522506,False
CTR-01835-1,CUST-01835,2.057828012280911,0.09881474231760295,0.0,-0.609110670599561,0.9571298528440829,True
CTR-01836-1,CUST-01836,-0.4095208618218144,1.8062578290469937,0.0,0.039039016761273714,0.701320730762426,False
CTR-01836-2,CUST-01836,-0.8381342728353081,0.5117270475609164,0.0,0.3794990871295445,0.4248790672715589,True
CTR-01837-1,CUST-01837,0.0030359743331219435,2.1610648848009077,1.03,0.7165158993683336,0.9274313919914411,True
CTR-01838-1,CUST-01838,-0.6050791660800262,0.069764781673289,0.0,0.842421501454029,0.44878652087059934,False
CTR-01839-1,CUST-01839,0.8039880778519477,-0.5789332758712029,7.556081636594018,0.31797552717472166,0.5104217937821349,True
CTR-01840-1,CUST-01840,-0.2236353319607044,-0.5904501349985729,0.6783037873705298,-0.11523638630195399,0.32402322716458254,False
CTR-01841-1,CUST-01841,-0.2254438086596402,-0.9525886708831814,6.014795849564515,-0.9148213221404355,0.23182718832171972,True
CTR-01841-2,CUST-01841,0.4396885245453643,-0.6235355926013751,2.42190198929592,0.9842649938542254,0.6034725865666668,True
CTR-01841-3,CUST-01841,0.18269649615856293,-1.8621898709086553,7.639739745425348,0.12704571804551576,0.1497182717239532,False
CTR-01842-1,CUST-01842,-1.9200492886538427,1.3988233335483389,1.0,0.3276256593245384,0.3595601867087387,False
CTR-01843-1,CUST-01843,-0.3006428095267577,-0.28244331110483023,0.0,-1.7865017483093184,0.15187053948993604,False
CTR-01843-2,CUST-01843,-0.1877597673132637,-0.04056031588571968,0.28750252327488235,-0.18453426604629575,0.4010425811763961,True
CTR-01844-1,CUST-01844,-0.3283767053557967,-0.9820756313430734,0.30835262206311864,-0.28221853450516665,0.2512810142942769,False
CTR-01845-1,CUST-01845,-0.31140942707135405,-0.15586468555470837,0.1318205728408275,0.727265899902012,0.42016596254688704,False
CTR-01845-2,CUST-01845,-0.19700397102500933,-0.9961069702149256,6.085926309231437,-0.36779801737450823,0.17806864542249795,False
CTR-01846-1,CUST-01846,0.7368127651922629,1.464161515384235,0.0,1.0633092699097362,0.9229567801105878,True
CTR-01847-1,CUST-01847,1.742733776048558,0.8973618058604735,0.0,-0.9172760877920034,0.9418080673655002,True
CTR-01848-1,CUST-01848,0.31647610749894894,-1.4831201867227881,7.490982266695757,-0.22230037646644688,0.18739578597787543,False
CTR-01849-1,CUST-01849,-0.8034377217869876,-0.299007525065072,8.0,-0.22589807838831855,0.08166549304222748,False
CTR-01850-1,CUST-01850,1.0244192419264144,1.7510754006051552,0.0,-0.9389111710020255,0.9689477045544552,True
CTR-01851-1,CUST-01851,1.5816050906424763,0.9459714947816891,0.0,0.3025446997888139,0.9554113650646061,True
CTR-01852-1,CUST-01852,-1.086884508152984,-0.5924661928147714,0.36015734152426493,-0.7174295325542778,0.1792638335854987,True
CTR-01852-2,CUST-01852,-1.3372723474414083,-0.847321528701847,4.391950331350715,-1.349278728946821,0.04502085124029473,False
CTR-01853-1,CUST-01853,1.1819013439628272,0.350600712639753,0.0,-0.2205691082328583,0.7808237171790791,True
CTR-01853-2,CUST-01853,0.20929554736308031,-0.5751163655101298,0.0,-0.5300248863941266,0.5510903083974381,True
CTR-01854-1,CUST-01854,0.10070643772969523,0.7513818398590786,0.0,-0.3691727698879723,0.5905850768994922,True
CTR-01855-1,CUST-01855,0.4097885898036817,0.5459204217648457,1.0,-0.4747897292908513,0.8592878133829894,True
CTR-01856-1,CUST-01856,-0.7483352298062069,-0.4387483287206399,7.10859684046738,-0.13029373662150773,0.09004862576826157,False
CTR-01857-1,CUST-01857,-1.1121421563112441,0.7976277352477014,0.0,0.5765971552112799,0.36320987133049554,False
CTR-01858-1,CUST-01858,-1.268108916864423,-0.4750086175981632,4.357175721344123,-0.12239376820027009,0.10461460746983285,False
CTR-01859-1,CUST-01859,1.389121867919614,-0.6954364391558007,0.0,1.0587961664551138,0.8634533857252172,False
CTR-01860-1,CUST-01860,0.45035017398554056,-0.13149222993111842,0.0,-0.35546560212035416,0.49690502595380764,False
CTR-01861-1,CUST-01861,0.6570727753790264,0.731573237206258,0.0,0.36532655833096533,0.9467842098268018,True
CTR-01861-2,CUST-01861,0.8957205488855037,0.6843465000485383,0.44811530423497115,-0.4407178439247341,0.8990903122920271,True
CTR-01862-1,CUST-01862,-0.19095868518809356,-0.5323277834681034,1.0,-0.35179786250730233,0.2502563614047376,False
CTR-01863-1,CUST-01863,0.20545613165144183,0.16954902419681428,0.0,0.36267810512786536,0.73219596002345,False
CTR-01864-1,CUST-01864,-1.868746746708857,-0.06343697898676337,6.431816581622712,0.4645930152552598,0.07791472739592221,False
CTR-01865-1,CUST-01865,0.3462244467068787,0.519404873713759,0.0,1.2748224047136896,0.7217425830936529,True
CTR-01866-1,CUST-01866,-0.07730828822195202,1.464915239937386,1.0,-0.19705256129756904,0.7171424963333769,True
CTR-01866-2,CUST-01866,-0.49507809852808815,1.1001940014786495,2.0,0.3461193319676179,0.4972466080014576,False
CTR-01867-1,CUST-01867,0.9615391004922651,-0.7352895945926677,0.0,0.9402413995739693,0.4889012347408224,True
CTR-01868-1,CUST-01868,-0.20048598621052183,-0.32436962954545634,0.0,1.0620061761971318,0.5112996802691968,True
CTR-01869-1,CUST-01869,0.889538454178039,0.4501095192992328,0.0,0.6999647467458474,0.889579810864056,True
CTR-01870-1,CUST-01870,-3.272518162539442,0.30681761690902065,4.0,0.11956946170752358,0.0111820069606268,False
CTR-01870-2,CUST-01870,-3.754134546007231,-0.6070433106190208,8.0,1.0269816014443003,0.005878965359592577,False
CTR-01871-1,CUST-01871,-0.019708479930316603,0.8783947742814295,0.0,1.1346711466333772,0.6209143277597448,True
CTR-01872-1,CUST-01872,1.3383750708080058,0.9140679455997225,0.3919185365067299,0.2726648671095234,0.8714297342815293,True
CTR-01873-1,CUST-01873,0.9569475237313835,-0.7737041863475645,5.234654546750954,0.2317722018343938,0.5036868508024717,False
CTR-01873-2,CUST-01873,0.1689276620842699,-0.9197926356533619,0.0,-0.6163690181339084,0.4937727454304223,True
CTR-01874-1,CUST-01874,0.5304645813727693,-2.60177313988322,8.0,1.0266697389985577,0.1548427117168197,False
CTR-01874-2,CUST-01874,0.4911521962950193,-2.2263807719785156,7.4406182430935885,-0.8174394623730488,0.10200609050111618,False
CTR-01875-1,CUST-01875,-0.7435171163269313,0.9177964378487878,0.0,1.5424000093402246,0.3301097985371687,False
CTR-01875-2,CUST-01875,-0.07228220329502899,0.5117491454551238,0.0,-0.7889647511610622,0.7174861326386938,True
CTR-01876-1,CUST-01876,0.23470302932971007,0.6125439016573425,0.0,-0.5087863603106997,0.8514134834315185,True
CTR-01877-1,CUST-01877,0.3376392586815439,-1.0154252955510439,0.47377852740604165,0.6502240138815184,0.40358343267516994,True
CTR-01878-1,CUST-01878,2.2996638991376157,-0.6827833591871573,0.0,-0.31949132226224486,0.9432478415343951,True
CTR-01878-2,CUST-01878,1.3115130694427655,-1.2211843149715935,2.125670599633408,-0.358270929238717,0.6419219259694074,False
CTR-01879-1,CUST-01879,-0.7375939221052056,-0.8252687037056914,4.5713157784880405,0.6799923118108324,0.21241381532097603,True
CTR-01880-1,CUST-01880,-1.2486162450655307,0.7318459528300932,1.0,-0.3648258984093381,0.4567915106268293,False
CTR-01881-1,CUST-01881,1.6574128853667165,0.4918124707035159,0.7644982910091604,-1.111465560489621,0.9451101798712022,True
CTR-01882-1,CUST-01882,-1.0533430661376997,-0.13656713697619569,2.406175111960244,0.13884336902400218,0.2689367348410911,False
CTR-01882-2,CUST-01882,-0.9282527165254278,0.29508377349949766,0.0,0.7123365942944455,0.526502244188612,False
CTR-01883-1,CUST-01883,1.0617533952068796,2.9503689200124255,0.0,-0.7584813728828641,0.9814072130899935,True
CTR-01884-1,CUST-01884,0.8357162339208376,1.5517811660459642,0.0,-0.7748886880919301,0.9380460554453768,True
CTR-01884-2,CUST-01884,0.4328168341004253,0.17414194713067688,0.0,-1.0923769931174592,0.6539973575021347,True
CTR-01884-3,CUST-01884,0.06482107459020509,-0.4234925635408471,0.48771794302759375,0.08322520313136841,0.711268492483108,True
CTR-01885-1,CUST-01885,0.1866684080533485,0.29620514092769457,0.0,0.9298277778046655,0.727526892548346,True
CTR-01886-1,CUST-01886,1.173618459879371,0.824955115694701,0.0,-0.3223174243197132,0.9171501578466383,False
CTR-01886-2,CUST-01886,1.6226666281181417,0.10030358752120239,1.3919535504850704,-0.30831458097649045,0.896213735393143,True
CTR-01886-3,CUST-01886,2.19664296182053,1.783465265160749,0.030000000000000027,1.5209385517404073,0.9888959233153981,True
CTR-01887-1,CUST-01887,-0.7438285844065422,-0.026215346304414355,0.0,0.21983544962211643,0.451039533287439,True
CTR-01888-1,CUST-01888,0.4710696800988313,-0.279491174891518,0.0,-0.5491657530444298,0.7633658181275651,True
CTR-01889-1,CUST-01889,0.8243042377848776,0.14120235261968134,0.0,0.5082599716794469,0.6235361580869762,True
CTR-01890-1,CUST-01890,-0.5312812442591635,-0.3322093361598473,0.0,0.5465304677127287,0.2598192338570393,True
CTR-01891-1,CUST-01891,-0.7444215471535964,1.525547566377988,2.0,1.021573727888117,0.757736722158774,False
CTR-01892-1,CUST-01892,-1.147063386627568,-0.4848981879746412,1.7115553823066163,-0.5630402250823756,0.10881300967462415,False
CTR-01893-1,CUST-01893,-0.732723772759061,-0.6351107032340161,0.0,0.2634126010638453,0.1502284241201789,False
CTR-01894-1,CUST-01894,0.519079827371886,-0.3407502901007263,0.8332725561346814,0.34669297384731645,0.6452171864680787,False
CTR-01894-2,CUST-01894,0.591185277024905,0.2280554638173975,0.0,0.19862817281497916,0.7221090365901226,True
CTR-01895-1,CUST-01895,0.6026484505186412,-0.6366009638238928,9.0,-0.26711057446761366,0.0,False
CTR-01895-2,CUST-01895,0.9006787309569935,-0.017390798145342612,1.0,-0.30350623571621005,0.6985449465834043,True
CTR-01895-3,CUST-01895,0.10123173689913903,-0.2255545277706034,7.0,-0.16699057795539712,0.2480581090679853,True
CTR-01896-1,CUST-01896,0.4924528172146555,3.0956475078018704,0.0,0.19591500051495703,0.9687482539453469,True
CTR-01897-1,CUST-01897,0.5486082016307264,-0.8792910308920356,1.017103391418983,-1.082535029440127,0.571511762008086,True
CTR-01898-1,CUST-01898,-1.9959790517916356,-0.7539892904546276,5.0,0.2998299908765583,0.027744728310442564,False
CTR-01899-1,CUST-01899,0.3152284800682313,1.3645764432481886,0.0,-0.8028232141573797,0.8826750726470796,False
CTR-01900-1,CUST-01900,-0.5310050119777803,0.6116086050524828,0.0,0.3006666890749549,0.6953584793688977,True
CTR-01901-1,CUST-01901,0.33653511786837637,0.5217344605503448,0.0,0.32883565158115713,0.6813308582353097,False
CTR-01901-2,CUST-01901,0.17281097433852516,2.185396344959779,1.0,0.5350468348266102,0.9423355448518048,True
CTR-01902-1,CUST-01902,0.6545568565694331,0.7432812366769049,0.0,0.11568944719018315,0.8025699046737906,False
CTR-01902-2,CUST-01902,0.04071066724510786,-0.09297607011371314,2.730036968875942,-0.359541936821166,0.5572219758243283,False
CTR-01903-1,CUST-01903,-0.44689042587267197,1.2637562216614242,1.0,-0.8627162760363929,0.40294573929745664,False
CTR-01904-1,CUST-01904,-0.5061774266555419,-0.7989122957990431,0.8112053394075971,-0.452634214300087,0.2753573305772026,False
CTR-01905-1,CUST-01905,-1.1788795385992665,0.8635951391523773,0.0,0.5626515443382161,0.6104017477789329,True
CTR-01906-1,CUST-01906,0.39863058115791766,1.209903346915885,0.0,-0.06862004271153914,0.8629688127756762,True
CTR-01907-1,CUST-01907,-0.781141085492863,-1.744952074666209,8.766536513619627,-0.21134080941892366,0.0,False
CTR-01908-1,CUST-01908,0.7861571367859073,0.5936390785814672,0.0,-0.10423320933621616,0.9165047663818267,True
CTR-01909-1,CUST-01909,-0.7926195260262324,-0.1937088507313096,0.0,0.6660422087549535,0.5573759797081768,False
CTR-01910-1,CUST-01910,-0.9716208874078974,-1.5195589298332597,4.148791901706131,-0.20284443224214466,0.052506114744524164,False
CTR-01911-1,CUST-01911,-0.2858582591428931,1.113174812406788,0.0,-0.4794595466831248,0.6034972638090128,True
CTR-01911-2,CUST-01911,0.18247842898194888,-0.26868464672631204,5.5029774700142875,-1.363666581488099,0.22991058736808254,False
CTR-01912-1,CUST-01912,1.6119087434798818,0.7657045451058546,0.0,-0.5541215505169875,0.9163597217102452,True
CTR-01912-2,CUST-01912,1.210630001821945,1.3590296769055037,0.0,-1.37306422274423,0.9140749203880715,True
CTR-01913-1,CUST-01913,0.7716751810684548,-0.2042737862681241,0.0,0.19720414784937407,0.7831027453142912,True
CTR-01913-2,CUST-01913,0.1764848035703694,0.1406544948666898,0.2970998924370034,-0.6781949066100919,0.552178535092386,False
CTR-01914-1,CUST-01914,-0.41034654768568524,-0.033456642961744915,5.99177221258716,-1.1193853201768236,0.17437899406675814,False
CTR-01915-1,CUST-01915,0.719972977018475,-0.4458839494012261,2.60280756677055,0.8100991891622076,0.6803951348210149,True
CTR-01916-1,CUST-01916,1.763125536177228,-0.8151740655060431,0.0,0.31858457339474033,0.9237184919477885,True
CTR-01917-1,CUST-01917,-0.40375448845443784,-0.8848070973614273,5.2182497914297725,-1.185542942618826,0.16083681362807214,False
CTR-01917-2,CUST-01917,-0.07160571046593087,0.6125381351889659,1.0,-1.084708768454818,0.3656580107655255,False
CTR-01917-3,CUST-01917,-0.39317685979107897,0.5804740691411922,1.3277554164268908,-0.41592227611780563,0.5446107202246087,True
CTR-01918-1,CUST-01918,0.36087478602759604,0.7795196333124405,0.4305211561449128,0.11711723995941281,0.8265434452295743,True
CTR-01919-1,CUST-01919,-0.4804069199640324,0.7900914041386868,1.1070600427301236,-0.463172472737225,0.5905145884038885,True
CTR-01920-1,CUST-01920,1.2689895991935984,2.3688862754375304,0.0,-0.025480623853521067,0.9819746956510532,True
CTR-01920-2,CUST-01920,0.9329057121200335,1.3198690161200783,0.0,-1.1529253700577984,0.9279223223981051,True
CTR-01920-3,CUST-01920,0.8231904835859112,0.34887999071527886,0.0,-0.7104447812385362,0.7809549417522873,True
CTR-01921-1,CUST-01921,0.2036259768522459,-1.220770653527321,1.0785883720156075,-0.09046779595607479,0.4153278935569789,False
CTR-01922-1,CUST-01922,-1.1109049577524863,-0.1144993084436621,0.0,-0.14694101185810987,0.37556103042833194,False
CTR-01923-1,CUST-01923,-1.57798195094884,-2.1146104445985294,5.781963330251747,0.7676233671182173,0.030089449078629517,False
CTR-01924-1,CUST-01924,0.11580608554499985,1.5417763466656673,0.0,-0.047607972623231326,0.8695906755747065,False
CTR-01925-1,CUST-01925,1.0942252487226465,-2.0790492688867164,6.7797677189359815,-0.025191021772035138,0.2091383689099446,False
CTR-01925-2,CUST-01925,0.09823738099171964,-2.319194558460384,8.0,-0.17867192562996165,0.06403242312348865,False
CTR-01926-1,CUST-01926,0.4400160945499322,0.06873067806690197,0.0,0.8989614895083539,0.7265483804121945,True
CTR-01927-1,CUST-01927,-0.34054217099108464,-0.049698058745899054,2.7334614432421502,-0.5048574484562062,0.6000530299071427,True
CTR-01928-1,CUST-01928,-1.1619957327859531,0.5093490492264291,0.2871500814265433,-1.1536073945035368,0.28036044608453076,True
CTR-01928-2,CUST-01928,0.29334444209612287,0.04301315033072384,0.146288006278537,0.8950629928021518,0.6708456317596896,True
CTR-01929-1,CUST-01929,0.6859067125363609,-0.3803838035717677,0.0,0.1850355112095502,0.6408383795119234,True
CTR-01930-1,CUST-01930,0.5330832883692391,0.5698587883443412,0.0,0.65808654636905,0.8120609055268783,True
CTR-01930-2,CUST-01930,-0.051821792494595564,1.3795260436551846,0.0,-0.5580997133120926,0.8194445349910886,True
CTR-01931-1,CUST-01931,-1.0510559946935945,-2.173592995665871,9.0,0.2534035579727675,0.0,False
CTR-01932-1,CUST-01932,-1.4754223910472186,0.05713056129330604,2.4139842964924503,-0.8706465262027938,0.08792565693236769,False
CTR-01933-1,CUST-01933,-0.5012954003815575,-0.010221451477916976,1.9287546514445795,0.39298364024657934,0.2491979276237137,False
CTR-01934-1,CUST-01934,2.0675050388702685,0.9017341001755308,0.0,0.7125840091699969,0.9718569523144925,True
CTR-01935-1,CUST-01935,-0.19515014911773834,-1.6104129065899713,8.0,-0.2341896230670374,0.10139360887761015,False
CTR-01935-2,CUST-01935,-0.10747394588212343,-0.7394813335278043,2.0655848566260815,-0.9669644984022082,0.15994763702080977,False
CTR-01936-1,CUST-01936,-0.4724222183743868,0.5970748867489246,2.0,-0.7431281330418149,0.19216872785962993,False
CTR-01937-1,CUST-01937,-0.7461215857215469,-0.38632776365604904,2.0,-0.5971719787526049,0.21258669170692104,False
CTR-01938-1,CUST-01938,-0.7696017751491036,-0.3213779790838715,0.49132533692012137,0.19560526210295642,0.23259472329387426,False
CTR-01939-1,CUST-01939,-0.3196189716500008,-1.084204330121165,2.0,0.1285837771718228,0.23960476813599257,False
CTR-01940-1,CUST-01940,-2.4521918069160167,-1.5673374969022356,8.0,0.35406715071863715,0.007073835576206953,False
CTR-01941-1,CUST-01941,-1.3829364546265275,-0.5328973276383493,2.0,-0.6622616207122848,0.10102855161139879,False
CTR-01942-1,CUST-01942,1.6154830189705558,2.2235544200423227,1.0,1.0638478527715076,0.970957534424864,False
CTR-01942-2,CUST-01942,0.7560887155184749,1.283982566385911,1.0,1.6042783453754073,0.9410030371743713,True
CTR-01942-3,CUST-01942,0.6359152775232881,0.48272983333287445,1.5814566372648757,-0.355485651086642,0.7428889195290431,True
CTR-01943-1,CUST-01943,-0.8611249212771623,0.727699772346911,5.0,-0.4104616065568627,0.6309456689771458,True
CTR-01943-2,CUST-01943,-0.188071786500781,0.7932827591908629,0.0,0.1750348234282995,0.6388485002061246,False
CTR-01944-1,CUST-01944,-0.41508119526321063,-0.13727062749749022,5.281729210715648,0.5396845867816104,0.6133040050053709,False
CTR-01945-1,CUST-01945,-0.5180504408581634,-0.9195521055293366,8.485814401134657,-0.6213397349064524,0.0,False
CTR-01945-2,CUST-01945,1.263977660774867,-0.04794009939970739,0.0,1.1158443721851077,0.9118493197376459,True
CTR-01945-3,CUST-01945,-0.4148003304112906,-0.977291300716904,2.0,0.6603767966689854,0.2059303093300378,False
CTR-01946-1,CUST-01946,0.5049875827879997,0.03965414487577178,0.0,-0.08911673506352136,0.8204471125846622,True
CTR-01947-1,CUST-01947,-1.0307317403585783,1.3098631073865181,0.0,0.266086650705588,0.36196898639697933,True
CTR-01947-2,CUST-01947,-0.4953823256381262,1.7303880322721736,5.03,0.27129946340815453,0.7519448982012791,True
CTR-01948-1,CUST-01948,0.11485585994537506,-0.8085605992015217,1.1857531664505578,0.012020528440513871,0.6407078338776547,True
CTR-01949-1,CUST-01949,0.7273196812248055,1.8691562913187891,1.0,-0.3973267426004954,0.9202814397459406,True
CTR-01950-1,CUST-01950,0.7987589361980083,0.5526953921666888,2.2916324823442955,-0.7626465506183646,0.6481057608206188,True
CTR-01950-2,CUST-01950,0.9800910510739697,-1.0726564022193066,1.4912538093959358,0.0932216360499146,0.5416021273008909,False
CTR-01950-3,CUST-01950,1.4447130038173146,-1.3161252057531503,2.343091907644896,-0.29198320035367514,0.7015699573784521,True
CTR-01951-1,CUST-01951,1.8046026723093862,0.9802384456176929,0.0,0.06075877809612623,0.9451552805279126,True
CTR-01952-1,CUST-01952,-0.0880268509773916,-1.1258470709206385,4.377030122846417,-0.05575549991920767,0.19896066178964086,True
CTR-01953-1,CUST-01953,-1.9049973790358874,-1.578604192420633,7.0,-1.8992154095649916,0.006700929596683817,False
CTR-01953-2,CUST-01953,-1.1082702261740194,-0.8196436577321495,8.0,-0.6774395152811441,0.04989028754791839,False
CTR-01954-1,CUST-01954,-0.32020659275015756,0.10406551271659015,8.47518110314299,-0.923900241730212,0.0,False
CTR-01955-1,CUST-01955,1.7768415942242903,0.6919503170563391,0.0,-0.19989799034082714,0.969343190135556,True
CTR-01956-1,CUST-01956,-1.0393328746201935,0.6684438031873874,5.265379403666983,-0.5284509181668879,0.2715235629609089,False
CTR-01957-1,CUST-01957,-0.3076463005419161,0.05000370442012064,7.28074437551325,-0.8825497475039904,0.1117310376828314,False
CTR-01957-2,CUST-01957,-0.8956497033302719,-0.11704101867466554,5.227167741037644,-0.3811530371111923,0.3043034822801899,False
CTR-01957-3,CUST-01957,-0.28291383483736166,-0.1593819042700677,0.9184626276438614,0.5539812266351856,0.4625324003121146,False
CTR-01958-1,CUST-01958,-1.795794562609611,1.0678804012356862,2.0,-1.1059365242791719,0.21670291688367282,True
CTR-01958-2,CUST-01958,-0.4176091968582474,0.6816222917225969,0.0,0.009156490318707744,0.6351698640562419,False
CTR-01959-1,CUST-01959,0.3625765220947311,-0.34835056189658964,2.3323047083945005,0.3113801029465546,0.627316030664397,True
CTR-01960-1,CUST-01960,-0.03633345801418267,0.2514713057262836,0.0,0.32708292284139817,0.4675929267330842,False
CTR-01960-2,CUST-01960,0.6089860263814938,0.45961768637309675,0.0,0.9896196002815447,0.9026051717084156,True
CTR-01961-1,CUST-01961,1.2389266194583648,1.2519164004006766,0.16128899638840666,0.5689249193634032,0.9236286389548235,True
CTR-01962-1,CUST-01962,0.7410860349056257,-0.17644432000072469,2.0,-1.0735803003378996,0.5329656237871591,False
CTR-01963-1,CUST-01963,-1.4879197158203816,-0.42256853687986523,9.0,0.1014668822615934,0.0,False
CTR-01963-2,CUST-01963,-1.7824659058267907,0.769986238755655,0.0,0.1408232032099053,0.25075247259095285,False
CTR-01964-1,CUST-01964,-0.9567378756375409,-0.778337058283145,3.0,0.8306122069615586,0.1299904030226342,False
CTR-01965-1,CUST-01965,-0.1035785154710826,1.5452292136950514,0.0,-0.26432882017378967,0.6226601124755529,True
CTR-01965-2,CUST-01965,-0.8614950912963327,0.5144767540839097,5.436306680801863,-0.028362501615862318,0.1449350699746696,False
CTR-01966-1,CUST-01966,0.045603621474403694,-0.25007761992946226,0.7140546208505223,-0.6716570174828208,0.5890400016325454,True
CTR-01967-1,CUST-01967,0.19421202534615556,-1.2075112744473118,5.49761134237546,0.2273236760653901,0.19927815174762867,False
CTR-01967-2,CUST-01967,0.5786475985403752,-2.0856221026231125,1.9,0.08780467181385487,0.20574451840595076,True
CTR-01968-1,CUST-01968,-0.14783125549673284,-0.572974285110319,0.5241552402603612,1.4705049262116656,0.5545123261731538,True
CTR-01969-1,CUST-01969,-0.2723975341172437,0.9527850671916404,0.0,1.1053593290908856,0.7332426831556424,False
CTR-01969-2,CUST-01969,-0.665363465721285,0.5236404186046596,0.0,0.08424092260213147,0.41382958305689654,True
CTR-01969-3,CUST-01969,-0.6679463706723603,1.4502272242570369,0.0,0.28997895397110396,0.6668594366812632,True
CTR-01970-1,CUST-01970,-0.3069947815848051,-0.39648490169458744,0.0,-0.17549976066026313,0.684313053711222,True
CTR-01971-1,CUST-01971,0.4056531192286275,0.11698021290835514,3.0,-0.668209471131116,0.6180525576317741,True
CTR-01972-1,CUST-01972,0.5324078529365884,-0.33075422154999223,0.0,-0.8398959838112305,0.6971884333979269,False
CTR-01973-1,CUST-01973,0.6273710106714904,1.3418263072498617,0.0,1.064305133023755,0.8955040959546561,True
CTR-01973-2,CUST-01973,0.33491863016653733,-0.3342607820199077,0.7706455171040874,0.6745865178010066,0.7524589879496337,True
CTR-01973-3,CUST-01973,-0.5921473509876714,0.22939314808634303,0.0,-0.89869274753528,0.20349423398197522,False
CTR-01974-1,CUST-01974,-1.235916714245993,-1.3641126627416658,8.0,-0.9734051459230906,0.04871217751428609,False
CTR-01974-2,CUST-01974,-3.0191673331481663,-0.9316745974632907,8.0,-0.4498678973771657,0.0032348016100754813,False
CTR-01975-1,CUST-01975,-0.38959967293236647,-1.3540636638034957,8.0,0.7530877139749952,0.12925937317526393,False
CTR-01976-1,CUST-01976,-1.7197898061142622,-1.8957390029419336,8.0,-0.026243609385674327,0.007919088709078167,False
CTR-01977-1,CUST-01977,-0.08540053379885311,-0.43306760148537315,1.0,0.44515211443430913,0.4417799815484543,False
CTR-01978-1,CUST-01978,1.6537175400008484,-1.7044541070712442,8.9,1.2156082519096172,0.0,False
CTR-01979-1,CUST-01979,0.37435640330128295,-1.399023633908698,4.998848917414971,-0.21178894860435116,0.1807445053148593,False
CTR-01979-2,CUST-01979,0.8546799653790973,-1.0944141792587696,3.5911489890172796,-0.16390766902491546,0.49623905634128335,True
CTR-01979-3,CUST-01979,0.24761255855470118,-0.4400707291409607,0.0,0.07731190741276972,0.7107842861739603,True
CTR-01980-1,CUST-01980,0.3543691797718732,-1.7026546377464917,4.61256443756881,0.37700827064792236,0.31439207009375575,True
CTR-01980-2,CUST-01980,0.30705592652101454,-1.5428443310716384,8.0,-0.6543384468153175,0.11405127759957767,False
CTR-01981-1,CUST-01981,-0.599817588677049,-0.8336619313990399,5.678301949437746,0.10020489197569654,0.15088947857885715,False
CTR-01982-1,CUST-01982,-0.33089290304904556,0.5562927694755004,1.4561735054273848,0.8289110643674833,0.7691996655699747,True
CTR-01983-1,CUST-01983,-0.12777031010752313,1.0669070991868361,0.0,-0.35377281752229695,0.6489695646231274,False
CTR-01984-1,CUST-01984,-0.19730041252567915,1.7913970228939902,0.15201183529457274,0.7482619655503999,0.8862460007867172,True
CTR-01984-2,CUST-01984,-0.3467219650401968,0.3808309757364129,0.0,0.7977456396331745,0.6101494974185917,True
CTR-01985-1,CUST-01985,-0.32326217112824496,-0.5538879936987503,1.5930905334962748,-0.0605015862066281,0.39120841416429114,False
CTR-01985-2,CUST-01985,-1.9245043916730158,-0.2210997099982245,9.0,-0.12286045422221858,0.0,False
CTR-01985-3,CUST-01985,-1.8281528693852993,0.1620535593931457,1.0,0.023932744632970016,0.053911042407370185,False
CTR-01986-1,CUST-01986,-2.2424423850409316,-0.5610462264835154,7.0723847068348205,0.013995632983922479,0.024994423399085884,False
CTR-01986-2,CUST-01986,-1.1493008141047871,0.03594966233958057,2.361075321273224,-0.5392436090232235,0.13485462423442776,False
CTR-01986-3,CUST-01986,-0.7618020535110238,-0.11679718815765584,1.3738425162471586,0.10783413577019398,0.11393499741510676,False
CTR-01987-1,CUST-01987,0.14930102861137506,1.147601775570101,0.0,-0.22089536287212674,0.7045642893217869,True
CTR-01988-1,CUST-01988,-0.9797098536941025,0.9801668199996418,2.0,-0.31365293999700106,0.41628973760542687,True
CTR-01988-2,CUST-01988,-1.534286124780051,0.35563824453696097,0.0,0.08721084629953924,0.12388334431541193,False
CTR-01989-1,CUST-01989,-0.874096274008855,1.261313027857557,1.0664032170284496,-0.512266321618182,0.574698774653769,True
CTR-01989-2,CUST-01989,-0.404543240441261,0.6095861127896012,1.0,0.25434732888833844,0.6551399537462249,False
CTR-01990-1,CUST-01990,-0.3137818554554939,0.40894981146650644,0.5434075847335271,-0.2802336416117134,0.6736721887554797,False
CTR-01991-1,CUST-01991,-0.3209959991994078,-1.367116074918079,8.0,0.543550348876148,0.21181948380100493,True
CTR-01992-1,CUST-01992,-0.3522772106874415,-0.2924715856460145,0.40428929038367767,0.5561419191434975,0.3657590984814521,False
CTR-01993-1,CUST-01993,1.0208454451518978,0.1551198254565616,0.3852816250448149,0.4685023693068426,0.9071967214514965,True
CTR-01994-1,CUST-01994,-0.5093682884488422,-2.5205546998552664,8.786824606196785,-0.1595528840674503,0.0,False
CTR-01995-1,CUST-01995,1.8433163596377897,-0.4197713208579204,0.0,-1.193524082360055,0.726491052567627,True
CTR-01996-1,CUST-01996,1.1849659915307944,-1.1309276256791474,8.0,0.5311221321511466,0.615698142863556,True
CTR-01997-1,CUST-01997,-0.1548119532160218,0.9954896001240129,1.0,0.16531805826714435,0.6857727668304774,False
CTR-01997-2,CUST-01997,0.8744481415333556,-0.2381264052800377,0.0,0.9937959362455339,0.8328864447310201,False
CTR-01998-1,CUST-01998,-1.2775083954489945,-0.22044195690124846,8.0,-0.1645545213152988,0.13882330124137843,True
CTR-01998-2,CUST-01998,-1.4214893657487846,-1.265959945015682,8.0,-0.20045930403045106,0.03416150335992935,False
CTR-01999-1,CUST-01999,-1.3045724768608067,1.1717297720956759,2.0,-0.7014037582080954,0.27133684219982324,False
CTR-02000-1,CUST-02000,1.1519847785217343,1.501376921200452,1.0,-0.702905047325294,0.8322800785199758,True
